STT,Các kịch bản từng làm cho nhãn hàng,Mô tả sản phẩm,Chủ để,Thông tin nhãn hàng,Vấn đề của người dùng,Giai đoạn sản phẩm,Chính sách của Tiktok,Chính sách của nhãn hàng,Tone of voice,Thời lượng của kịch bản,Đối tượng hướng đến,Bố cục video,Dạng nội dung
1,"Intro: Không phải kẹp mỏ vịt, cũng không phải bác sĩ nam, thứ làm mình ám ảnh nhất mỗi lần đi kiểm tra cô bé chính là cái chai này này mọi người ơiii. Vứt, vứt, vứt hết, tính ra cũng sưu tầm gần đủ các phiên bản nhà Intimate rồi từ khi cô bé cô bé còn ""ốm yếu"" cho tới khoẻ mạnh như bây giờ. 

Thân: Còn tại sao lại ám ảnh thì cứ mỗi lần đi kiểm tra thì chỉ cần nhìn vào màu sắc từng chai là biết sức khoẻ của cô bé đang như nào. 
Như 6 tháng trước mình ăn uống sinh hoạt không điều độ, cô bé khó chịu cả ngày, đi kiểm tra thì các bác kê cho chai xanh nhạt này này, thấy bảo cứ có vấn đề, mẹ bầu mẹ bỉm thì auto là chai này, vì bầu cơ thể thay đổi nhiều lắm, hỏi 10 thì 8 người gặp vấn đề vùng chữ Y, đến các mom còn dùng được thì chắc chắn phải rất an toàn, lành tính.
Kiên trì dùng đến tháng trước mình đi kiểm tra lại thì trộm vía cô bé khoẻ mạnh, ko vấn đề gì nữa thế là chuyển sang chai xanh đậm HA sẽ thuần về làm sạch, dưỡng ẩm và phù hợp dùng hàng ngày hơn. Còn chai màu cam này là bản mới ra mắt, mình tham khảo thì có thêm vitamin C, cô bé tươi trẻ rạng rỡ hơn thì ai chẳng thích

Outro: Tháng Tết bên TikTok Shop chính hãng đang có nhiều voucher lắm, mọi người tranh thủ nha","- Có đề cập đến 3 phiên bản của Ziaja Intimate (xanh nhạt, xanh đậm, cam) cùng công dụng của từng loại","
 
Kịch bản xoay quanh trải nghiệm cá nhân về việc sử dụng sản phẩm.
Chủ đề ""Hành trình cải thiện sức khỏe vùng kín"" từ lúc có vấn đề đến khi khỏe mạnh.",,"Người dùng lo lắng về sức khỏe vùng kín, cảm giác khó chịu khi sinh hoạt không điều độ.
Những ai gặp vấn đề sau sinh, thay đổi nội tiết tố có thể quan tâm đến dòng sản phẩm này.
Kịch bản thể hiện rằng việc chọn đúng sản phẩm giúp cải thiện tình trạng vùng kín.",Trưởng thành,,,- nhẹ nhàng (linh hoạt),51 giây,"- đa dạng độ tuổi  
- những người cô bé đang có vấn đề: ngứa, viêm nhiễm,...","PAS (Problem - Agitation - Solution)
 ",Chia sẻ kinh nghiệm
2,"Intro: ""Mua chai 500ml mà dùng cho tiết kiệm""
""Sao cùng là Ziaja mà chai 200ml lại đắt hơn 500ml nhỉ""
Chúng mình đã nhận được rất nhiều tin nhắn và bình luận của khách hàng nhầm lẫn về việc Intimate ra mắt phiên bản mới với dung tích 500ml. Cùng là Ziaja nhưng trên thực tế lại là hàng xách tay không được đảm bảo về nguồn gốc và giấy tờ, rất dễ làm giả, chai 500ml nhưng lại có mức giá rất rẻ, thậm chí chỉ bằng một nửa so với chai 200ml.

Thân: Vì vậy nhãn hàng buộc phải lên clip này để đính chính với tất cả khách hàng đã tin tưởng sử dụng Intimate trong thời gian vừa qua, Ziaja Intimate chỉ có duy nhất dung tích 200ml cho tất cả các phiên bản xanh đậm, xanh nhạt, hồng, cam. Chị em khi mua hàng phải chọn đúng chai có chữ ""Intimate"" để đảm bảo chính hãng.
Trên tay mình đang là 2 chai DDVS best seller và dễ bị làm giả nhất của Intimate, về chất lượng thì không cần phải bàn cãi nhiều vì đã được kiểm chứng qua hàng chục hàng feedback và đánh giá 5* từ hội chị em. 
Biết là chai to giá rẻ dùng sẽ tiết kiệm hơn nhưng dùng xong mà tốn cả triệu bạc đi kiểm tra sức khoẻ cô bé, vậy có đáng không???

Out: Thực sự phải trải qua cảm giác dùng phải DDVS hàng giả mới biết đáng sợ thế nào, đắt hay rẻ không quan trọng, lựa chọn là ở chị em, nhớ phải chọn đúng sản phẩm chính hãng, chất lượng nhé",- DDVS Ziaja Intimate xanh nhạt: thành phần chính: Lactobionic Acid,- Cùng 1 hãng nhưng mức giá của các sản phẩm bán tại nhiều nơi lại chênh lệch rõ ràng,,"hoang mang giữa các mức giá, dung tích của sản phẩm trên thị trường (nhiều hàng xách tay hay hàng trôi nổi,...)",Trưởng thành,,,"Nghiêm túc, cảnh báo, kêu gọi nâng cao nhận thức.",1 phút 5 giây,"- đa dạng độ tuổi  
- những người cô bé đang có vấn đề: ngứa, viêm nhiễm,...","ACCA (Awareness - Comprehension - Conviction - Action) → Tạo nhận thức về vấn đề, giải thích, thuyết phục, thúc đẩy hành động mua hàng chính hãng.",Cảnh báo 
3,"Intro: Nhiêu đây chai DDVS Ziaja Intimate mình đã dùng hết trong năm vừa qua nhưng có 1 sự thật mà giờ mới biết?

Thân: Ẩm mịn, sạch thoáng, dịu nhẹ, lành tính, chính hãng, quốc dân là tính từ mà các tín đồ đã ưu ái dành riêng cho Ziaja Intimate. Ngoài khả năng chăm sóc sức khoẻ bé mèo đã được kiểm chứng thì không phải ai cũng biết tới công dụng này - Ziaja Intimate có thể dùng để tắm hàng ngày, thế nên sắp tới có đi du lịch, chơi xa hay về quê ăn Tết thì cũng chỉ cần mang 1 chai này là đủ.
""Bảng thành phần đẹp, an toàn nhưng vẫn đáp ứng đẩy đủ tiêu chí: 
- Hỗ trợ lấy đi các tế bào thừa, giúp da sạch thoáng
- Dưỡng ẩm, mềm mịn ko khô rít
- Hỗ trợ củng cố hệ lợi khuẩn tự nhiên trên da""
Đối với người chưa từng dùng Ziaja Intimate thì mình vẫn luôn recommend trải nghiệm 2 bản xanh đậm và xanh nhạt trước vì phù hợp với mọi tình trạng cô bé. 
Đặc biệt chai xanh nhạt sẽ hợp với mom đang bầu hay sau sinh nhờ khả năng làm dịu kích ứng, khó chịu và tình trạng rau mùi trong suốt thai kì.

Out: Không tự nhiên Ziaja được mệnh danh là DDVS quốc dân và đều được các bác recommend mỗi lần đi kiểm tra sức khoẻ cô bé. Vẫn luôn nhấn mạnh mọi người phải vào gian hàng chính hãng Intimate Store để nhận về tay sản phẩm chuẩn chính hãng nha  ","4 chai DDVS cream:
- Hyaluronic Acid: xanh đậm
- Lactobionic Acid: xanh nhạt
- Lactic Acid: hồng
- Ascorbic Acid: cam",- Công dụng ít ai ngờ đến của DDVS,,"- quan tâm tới sản phẩm nhưng kiến thức về có thể tắm vẫn mới lạ
- Tìm kiếm sản phẩm tiện lợi khi đi du lịch",Trưởng thành,,,"nhẹ nhàng, tươi , chia sẻ cá nhân, có yếu tố bất ngờ.",1 phút 9 giây,"- đa dạng độ tuổi, người có vấn đề ở vùng nhạy cảm
- người mà da (body) có mụn, tìm sữa tắm an toàn, lành tính","FAB (Feature - Advantage - Benefit) → Nhấn mạnh tính năng (dịu nhẹ, làm sạch, dưỡng ẩm), ưu điểm (an toàn, tiện lợi), lợi ích thực tế (có thể thay thế sữa tắm).","Lời khuyên, lựa chọn"
4,"Intro: Khủng hoảng tuổi 23, lần đầu gặp vấn đề về sức khoẻ vùng ấy là trải nghiệm như thế nào? Lời cảnh tỉnh cho mấy bà hay xem nhẹ việc đi kiểm tra sức khoẻ định kỳ cho cô bé, mặc dù đã chăm sóc rất là kĩ, từ giặt đồ chíp riêng cho tới bổ sung lợi khuẩn, men vi sinh, ăn uống và sinh hoạt lành mạnh và kết quả là ... 

Thân: 
Kiểm tra chỗ nào thì cũng được các bác khuyên dùng em Ziaja Intimate này, nhưng cũng phải cảnh báo loại này nhiều hàng pha kè lắm. Hôm mình đi kiểm tra thì hầu như ai cũng kê cho chai này á, từ mấy bé cấp 3 cho tới các cô bác trung niên, ai mà thường xuyên đi kiểm tra sức khoẻ cô bé là quen mặt luôn. 
Cô bé mà có vấn đề, sức đề kháng yếu thì tốt nhất nên dùng chai màu xanh nhạt, các bác bảo trong này có Lactobionic Acid giống với AHA mình hay dùng trong các sản phẩm skincare để tẩy tế bào thừa ấy, nhưng sẽ dịu nhẹ hơn vì cô bé vốn nhạy cảm. Bà nào mà bị ... nặng, kích ứng, ngứa khó chịu theo đợt thì cứ dùng là thấy dịu liền, nma cũng còn tuỳ vào cơ địa mỗi người nha. 
Out: Hơn 200 cá 1 chai mà giải quyết mọi vấn đề, mấy bà săn sale trên có khi giá còn rẻ hơn nhiều á, mà đầu tư cho sức khoẻ thì chưa bao giờ là đắt cả đúng không chị em.",- DDVS Ziaja Intimate xanh nhạt: thành phần chính: Lactobionic Acid,Chia sẻ kinh nghiệm sức khỏe vùng kín,,gặp nhiều vấn đề ở vùng tam giác,Trưởng thành,,,"chân thật, gần gũi, chia sẻ cá nhân",59 giây,"- độ tuổi u20, u30, lần đầu gặp những vấn đề khó nói ở vùng kín",PAS,Chia sẻ kinh nghiệm
5,"Intro: ""Ê m ơi mấy đứa kia bán hàng giả đấy, hôm nọ tao mới xem trên tóp tóp người ta phốt chai kia dùng xong bị ngứa""
""Ôi thật á, cái hot hot đấy bảo là DDVS quốc dân gì mà, sao lại hàng đểu á, m có nhầm không""

Thân: """"Cậu ơi cậu bảo ai bán hàng giả thế""""
""""Chai DDVS của người ta có đủ cả tem niêm yết, cả tem chống hàng giả có dấu của Bộ Công an rồi tem phụ Tiếng việt như thế này mà bảo hàng giả""""
""""Cậu biết cái dòng DDVS của hãng Ziaja bên Ba Lan nó tên là Intima đúng không? Nhưng khi được nhập khẩu về Việt Nam, bắt buộc phải đổi tên thành """"Intimate"""" để phân biệt với hàng xách tay chẳng rõ ràng về nguồn gốc xuất xứ, chẳng được kiểm định về chất lượng đấy! Chứ không phải vì tên khác trên web mà cậu gọi là hàng giả nha""""""
""""""Biết là càng được quan tâm, càng được quảng bá rộng rãi thì Ziaja Intimate càng khó tránh việc bị hàng giả, hàng nhái, hàng kém chất lượng trà trộn vào thị trường, gây ảnh hưởng tới thương hiệu cũng như sức khỏe người tiêu dùng.
Nên là mua thì cứ tìm kênh chính hãng cho an toàn mà yên tâm""""""
Đây mở Tiktok lên, follow Intimate Official Store đi, kênh chính thức của sản phẩm Ziaja Intimate tại Việt Nam đấy. 

Out: Bực thế không biết nữa, sáng giờ chưa quay được cái video nào mà phải giải thích với cỡ 100 người rồi",4 chai DDVS cream,"- Branding về thương hiệu, hàng nhập khẩu chính hãng, giá cả minh bạch",,"- hoang mang về giá thành sản phẩm (nhiều nơi bán hàng rẻ)
- câu chuyện hàng nhập khẩu Intimate và hàng xách tay, trôi nổi Intima không hồi kết",Trưởng thành,,,"- chân thật, minh bạch, thể hiện được sự uy tín",52 giây,"toàn bộ khách hàng của Ziaja
- những người quan tâm đến dung dịch vệ sinh",QUEST,Kiểm chứng thông tin
6,"Intro: Tết Ất Tỵ - Xé túi mù để nhận lì xì hết ý cùng Ziaja Intimate

Thân: 666 phong bao đang được nhà mình cấp tốc chuẩn bị để lì xì tất cả khách yêu nhân dịp đầu xuân năm mới khi đặt hàng từ ngày 26 Tết đến mùng 5 Tết, tức ngày 25/1 - 2/2
Cứ mua là có cơ hội nhận lì xì may mắn
""Một năm nữa đã trôi qua và Ziaja Intimate không thể diễn tả hết sự biết ơn vì nhận được sự tin tưởng, ủng hộ tuyệt vời của Quý khách hàng trong suốt hành trình vừa qua.

Chính sự tin tưởng của mọi người đã tiếp thêm động lực để đội ngũ chúng tôi không ngừng cố gắng, cải tiến và mang đến những sản phẩm và dịch vụ tốt nhất. Ziaja Intimate luôn trân trọng từng lời khen, đóng góp và cả những phản hồi chân thành.
Nhân dịp Tết Ất Tỵ 2025, Ziaja Intimate mong rằng sẽ tiếp tục được đồng hành cùng các bác yêu trên hành trình chăm sóc và nâng niu cơ thể.

Out: Đừng quên đặt hàng từ hôm nay để xé túi mù lì xì với chúng mình nhé""","Không tập trung vào công dụng, chỉ nhấn mạnh ưu đãi","
- Branding về thương hiệu, chạy promotion",,"- cận kề dịp Tết, ngày lễ lớn, quan tâm đến giá sale, quà tặng từ thương hiệu",Trưởng thành,,,"vui tươi, hào hứng, mang không khí Tết",48 giây,"- toàn bộ khách hàng chưa, đã hoặc đang phân vân lựa chọn mua DDVS ZI","SLAP (Stop - Look - Act - Purchase) → Thu hút sự chú ý, giải thích ưu đãi, thúc đẩy hành động mua hàng",- Video remix
7,"Intro: Hot 1000 độ C, Intimate 1 lần nữa chễm chệ trên bảng xếp hạng Tóp Tóp cho hạng mục Sản phẩm hàng đầu về chăm sóc Sức khoẻ và Cá nhân

Thân: Mặc cho hàng loạt chai dung dịch vệ sinh xách tay không rõ nguồn gốc với mức giá rẻ chỉ bằng 1 nửa đang tràn lan ngoài thị trường, Intimate vẫn ngạo nghễ với hơn 150 nghìn lượt bán, luôn nằm trong top sản phẩm mà chị em nhất định phải có. Khách hàng khi mua sản phẩm tại gian hàng Intimate Store sẽ được cam kết về chất lượng, chính hãng. Bảng thành phần chuẩn vegan, an toàn cho cả các bạn nữ đang trong độ tuổi dậy thì hay phụ nữ tiền mãn kinh. Ngoài ra, còn có thể thay thế sữa tắm trong trường hợp chị em đi du lịch, chơi xa,... Bảo sao không cần giảm giá vẫn bão đơn ầm ầm, các tín đồ cứ đợi có hàng là phải chốt đơn luôn.

Out: Hàng chuẩn chính hãng, đắt nhưng xắt ra miếng, Tết này về quê không lo lỉnh kỉnh đồ đạc, chỉ cần 1 chai là đủ. ",4 chai DDVS cream,"
- Đưa tin tức (pov) - cách người ngoài nhìn vào sản phẩm",,- phân vân Ziaja Intimate với các dòng DDVS khác,Trưởng thành,,,vui tươi,33 giây,"- toàn bộ khách hàng chưa, đã hoặc đang phân vân lựa chọn mua DDVS ZI",AIDA,- Video remix
8,"Intro: ""Bị chiến thần gọi tên 
Liệu cộng đồng mạng có đang overate dung dịch vệ sinh Ziaja Intimate""

Thân: Như 1 vì tinh tú cứu rỗi hàng trăm ngàn bé mèo ẩm ương, khó chiều, Ziaja Intimate vẫn bị cho là seeding lố, bán đắt hơn loại dung dịch vệ sinh xách tay, không rõ giấy tờ nào đó. Nhưng chính thất vẫn chệm chệ trên bảng xếp hạng, nhận được vô vàn đánh giá và rating 5 sao, ngang nhiên xuất hiện trong livestream của nhiều Hằng Du Mục, Chang Shu Gờ và trên 2 lần được chiến thần gọi tên. Xuất hiện nhiều thì bị cho là seeding lố nhưng sản phẩm tốt thì xứng đáng được biết tới nhiều hơn. Chị em thường xuyên đi kiểm tra sức khoẻ vùng chứ Y chắc cũng đã nhẵn mặt với 2 chai xanh đậm chứa HA và xanh nhạt chứa LA này rồi phải không. Không chỉ các hot reviewer đánh giá tốt mà còn được các y, dược sĩ chọn mặt gửi vàng.

Out: Cơ mà đồ tốt như này, không cần đến chị Hằng Du Mục livestream, khách hàng cũng tự dọn kho Ziaja Intimate ","- HA: hỗ trợ cung cải thiện tình trạng cô bé bị khô
- LA: hỗ trợ cải thiện cô bé có vấn đề","
- Flexing về sản phẩm + thương hiệu",,- phân vân Ziaja Intimate với các dòng DDVS khác hoặc chưa biết đến thương hiệu,Trưởng thành,,,"vui tươi, hào hứng",39 giây,- những người đang nghi ngờ về dung dịch vệ sinh khi Ziaja Intimate quá hot,AIDA,"- Video remix
- Kiểm chứng"
9,"Intro: ""Chưa từng có trong tiền lệ
Ziaja Intimate chơi lớn tặng ngay lì xì cho khách hàng may mắn, cứ mua là có cơ hội nhận quà""

Thân: Qua rồi cái thời mua Intimate chỉ được freeship, nay nhãn hàng tri ân khách hàng cực khủng, tặng số lượng lớn lì xì may mắn cho khách hàng khi mua sản phẩm bất kỳ áp dụng từ ngày 26 đến hết mùng 5 Tết, tức ngày 25/1 đến hết mùng 2/2. 
Sản phẩm thì khỏi phải bàn cãi về chất lượng, luôn đứng trong top dung dịch vệ sinh bán chạy, chị em quen mặt mỗi khi đi kiểm tra sức khoẻ cô bé, hot từ trong nước cho tới Global, có thể nói là 1 trong số hiếm các sản phẩm chị em chọn mua mà không cần quan tâm đến giá. Đa dạng sản phẩm từ dung dịch vệ sinh cho tới chăm sóc da, lại là brand dược mỹ phẩm uy tín hơn 100 năm của Ba Lan, chị em an tâm sử dụng

Out: Hiếm lắm mới có dịp brand tri ân sâu đến vậy, chị em nhanh tay đặt hàng để trở thành khách hàng may mắn nhà Ziaja Intimate nha",,"
- Flexing về sản phẩm + thương hiệu",,"- cận kề dịp Tết, ngày lễ lớn, quan tâm đến giá sale, quà tặng từ thương hiệu",Trưởng thành,,,"vui tươi, hào hứng",33 giây,khách hàng của Ziaja Intimate hoặc những người quan tâm tới sản phẩm,"SLAP (Stop - Look - Act - Purchase) → Thu hút sự chú ý, giải thích ưu đãi, thúc đẩy hành động mua hàng",Video remix
10,"Intro: HẾT LẠI MUA, KHÔNG PHẢI TỰ NHIÊN MÀ CHÚNG TA DÙNG ĐI DÙNG LẠI MỘT SẢN PHẨM

Thân: Nếu như không giúp những ngày thường sạch sẽ, giúp những ngày đèn đỏ thoáng mát, dịu êm hay trả lại cho mẹ bầu sự tự tin thoải mái thì liệu các sản phẩm của Ziaja Intimate có bán được hàng chục nghìn lượt, các fan còn mua đi mua lại thế này không
Đến chị Hằng Du Mục còn hết lời khen, mà ai chưa sắm cho mình một em thì quá phí

Out: Tui là thích hai màu xanh đậm, xanh nhạt lắm đó. Còn các bác yêu thì sao? Có trải nghiệm gì khi dùng sản phẩm? Hoặc còn băn khoăn chi thì bình luận chúng mình biết với nha",, Flexing về sản phẩm + thương hiệu,,- phân vân Ziaja Intimate với các dòng DDVS khác hoặc chưa biết đến thương hiệu,Trưởng thành,,,"chân thật, gần gũi",27 giây,khách hàng của Ziaja Intimate hoặc những người quan tâm tới sản phẩm,AIDA,Video remix
11,"Intro: ""CÔ BÉ THƯỜNG XUYÊN CHÂM CHÍCH MÀ KHÔNG HIỂU TẠI SAO?
Mấy bà điểm danh xem mình có đang làm điều này mỗi ngày không nhé""

Thân: ""Số 1. Giặt đồ chip chung với quần áo hàng ngày, làm những chất bụi bẩn dính trên quần áo bên ngoài lẫn vào đồ chip
Số 2. Thay đồ chip ra nhưng không giặt luôn, khiến chất bẩn tích tụ, khó vệ sinh sạch
Số 3. Không thay đồ nội y định kỳ, vì khi sử dụng lâu ngày, sẽ tích tụ nhiều vi khuẩn dù vẫn giặt sạch sẽ hàng ngày
Số 4. Mặc trang phục bó sát, khiến cô bé không thoải mái, dễ gây trầy xước""

Out: Và nếu như các bà đang làm những điều trên thì dừng lại ngay nhé, nếu thấy cô bé có vấn đề thì thử Ziaja Intimate bản xanh nhạt này đi xem sao, có Lactobionic Acid hỗ trợ làm dịu cảm giác châm chích. Tự tin đi chơi, đi học hay đi làm chẳng cần khép nép e ngại nữa. Tui đi khám được các bác khuyên dùng, nhiều KOL, KOC cũng recommend em này lắm đó. Link chính hãng ở góc trái nha.","
- LA: hỗ trợ cải thiện cô bé có vấn đề",- Lý giải vấn đề châm chích ở cô bé,,mắc sai lầm trong việc chăm sóc cô bé,Trưởng thành,,,"nghiêm túc, nguy hiểm",42 giây,"- chị em mọi độ tuổi, gặp các giác khó chịu ở vùng tam giác",HHH,Tips & Tricks
12,"Intro: TẠI SAO VALENTINE NÀY NY LẠI KHÔNG MUỐN CHO NGƯỜI YÊU ĐẾN GẦN

Thân: Tại vì Ny sợ cô bé không sạch sẽ, khi gần gũi với người yêu mà để lại cảm giác sa mạc, rau mùi thì kỳ lắm. Là Ny mất người yêu luôn, là không có ai đi chơi 14/2 cùng Ny nữa 
Nói vui vậy chứ, mặc dù đây có thể không phải lý do quyết định chuyện yêu đương của hai người nhưng cũng là một trong những nguyên nhân lớn dẫn đến chuyện hợp tan, phải không các bà?
Vậy nên đừng quên và bỏ xó em này nữa, Ziaja Intimate cũng giống như cô bé, cần được chăm sóc thường xuyên. Không chỉ dùng trước lúc QH (Quy hắt) để bé mèo nhỏ mít ướt, thơm tho... mà hàng ngày cũng phải nhớ tắm đều đặn để sạch từ trong ra ngoài đấy

Out: Valentine còn mấy hôm nữa thui, say bye với cảm giác bất tiện khiến Ny hay bất cứ cô gái nào muốn tránh xa người yêu nhé. Tui gắn giỏ rùi, mấy bà chỉ vì click mua thui","
- LA: hỗ trợ cải thiện cô bé có vấn đề","- Đu trend
- Rau mùi ở vùng tam giác: rào cản tình yêu",,Các bạn nữ tự ti khi gần gũi với người yêu vì vùng tam giác không sạch sẽ,Trưởng thành,,,"hóm hỉnh, dí dỏm, vui tươi",47 giây,"- chị em mọi độ tuổi, gặp các giác khó chịu ở vùng tam giác
- có (ý định) có người yêu/ đã lập gia đình",PAS,"Lời khuyên, lựa chọn"
13,"Intro: ""Là dược sĩ, mình gặp rất nhiều chị em dùng phải DDVS kém chất lượng dẫn đến hậu quả là cô bé châm chích, nguy hiểm hơn là ảnh hưởng xấu tới sức khỏe vùng tam giác. 
Tìm loại DDVS mà an toàn, lành tính thì Ziaja Intimate rất chuẩn nhé""

Thân: ""Dược sĩ tư vấn cho rất nhiều chị em dùng rồi, từ các mom bầu, bạn gái tuổi dậy thì hay những bạn nào gặp vấn đề khó nói là toàn chỉ mua dòng này thôi
Sau khi rửa, vùng đó mềm mịn, không có cảm giác khô căng khó chịu, dịu nhẹ thấy rõ""
Ngày 15/2 này có sale giảm giá sâu kèm quà tặng ở cửa hàng chính hàng của Ziaja: Intimate Official Store đấy. Ai chưa thử thì chốt ngay một chai để trải nghiệm nha!

Out: ""Cụ thể: từ ngày 14-16/2,
Với đơn từ 99K, mua 1 sản phẩm med hoặc 1 baby tặng nhận ngay 1 kem khoáng chống nắng
Đơn từ 300K, mua 2 DDVS Gel hoặc Cream được tặng 1 quà là mặt nạ dê, tất hoặc kem khoáng chống nắng
Duy nhất 0-2h 15.2 mua 1ddvs bất kì tặng 1 mask dê/1 đôi tất; khung giờ còn lại mua 2 ddvs bất kì tặng 1 kem khoáng chống nắng

Với Ziaja Intimate: Valentine này, mượn deal tỏ tình, săn sale cực đỉnh ""","
- LA: hỗ trợ cải thiện cô bé có vấn đề","- giới thiệu sản phẩm trên góc độ từ người có chuyên môn (dược sĩ)
- lồng ghép promotion",,- chưa kiểm chứng được chất lượng DDVS,Trưởng thành,,,"- gần gũi, tạo sự uy tín",1 phút 3 giây,khách hàng của Ziaja Intimate hoặc những người quan tâm tới sản phẩm dung dịch vệ sinh,ACCA (Awareness - Comprehension - Conviction - Action),Chia sẻ + CTKM
14,"Intro: THÔNG BÁO QUAN TRỌNG: CHỈ CÒN 3 NGÀY NỮA ĐỂ SĂN DEAL KHỦNG CÙNG ZIAJA INTIMATE DỊP VALENTINE NÀY

Thân: ""Từ ngày 14 - 16/2, cơ hội mua sắm cực lời dành cho hội chị em
Đơn từ 99K – Mua 1 sản phẩm Med hoặc 1 Baby Tặng 1 kem khoáng chống nắng 
Đơn từ 300K – Mua 2 DDVS Gel hoặc Cream TẶNG 1 trong 3 quà xịn:
Mặt nạ dê 🐐 | 🧦 1 đôi tất cute | 🏖️ Kem khoáng chống nắng""
""ĐẶC BIỆT DUY NHẤT TỪ 0-2H NGÀY 15/2!
🛍️ Mua 1 DDVS bất kỳ 👉 TẶNG ngay 1 mặt nạ dê hoặc 1 đôi tất
⏳ Từ 2h trở đi: Mua 2 DDVS bất kỳ vẫn tặng ngay 1 kem khoáng chống nắng""

Out: ""SỐ LƯỢNG CÓ HẠN – DUY NHẤT 14 -16/2 NÀY
valentine này, mượn deal tỏ tình, săn sale cực đỉnh""",Tập trung vào chương trình khuyến mãi dành cho Ziaja Intimate,"Flash sale, săn deal khuyến mãi",,Tận dụng cơ hội mua hàng với giá hời,Trưởng thành,,,"Gấp rút, kích thích hành động ngay lập tức",40-50s,"Người săn sale, thích ưu đãi","SLAP (Stop - Look - Act - Purchase) → Gây chú ý, tạo nhu cầu, thúc đẩy hành động","Marketing khuyến mãi, CTA mạnh mẽ"
15,"Intro: """"""SỮA TẮM CÔ BÉ LÀ GÌ?""""

(cho nhân vật freestyle trả lời để thu được ý tự nhiên, tuy nhiên sẽ điều hướng để có 1 số key sau)
- “Ủa? Cái này tắm cho em bé hả?”
- """"Chắc là nước thần của hội chị em rồi!”
...
- Lạ gì, vợ anh ở nhà cũng dùng cái này (để anh này giải thích ngắn gọn từ khóa """"sữa tắm cô bé luôn"""" => dung dịch vệ sinh để tắm rửa cho vùng tam giác""

Thân: """"""CÔNG DỤNG CỦA SỮA TẮM CÔ BÉ ZIAJA INTIMATE""""

(cho nhân vật freestyle trả lời, tuy nhiên sẽ điều hướng để đủ các công dụng)
- làm sạch
- dưỡng ẩm ""
""""""CÁC ANH TRAI TRẢI NGHIỆM SỮA TẮM CÔ BÉ ZIAJA INTIMATE""""

(cho nhân vật freestyle test, thu reaction trực tiếp)
- “Ủa, dạng kem mịn thật!”
- Không có mùi nhân tạo mà lại dễ chịu ghê nhỉ
...
""

Out: """"""CHẤM ĐIỂM SỮA TẮM CÔ BÉ ZIAJA INTIMATE""""

(cho nhân vật freestyle test, thu reaction trực tiếp, nói lý do cho điểm số đấy)
- có key nói đến tặng quà""
""Chị em thấy quà này có hợp lý không? Bình luận ngay để ‘'nhắc khéo’' anh nhà nha!
""",DDVS Ziaja Intimate nói chung,Hỏi đáp vui nhộn + review thực tế,,Thắc mắc về công dụng và trải nghiệm thực tế,Trưởng thành,,,"Tự nhiên, hài hước",50s,"Người chưa biết đến sản phẩm, muốn thử nghiệm","3S (Star - Story - Solution) → Nhân vật chính, câu chuyện phản ứng tự nhiên, kết thúc bằng giải pháp",Hỏi đáp + thử nghiệm sản phẩm
16,"Intro: DUNG DỊCH VỆ SINH ZIAJA INTIMATE CÓ GÌ MÀ ĐƯỢC NHIỀU NGƯỜI NỔI TIẾNG REVIEW ĐẾN VẬY?

Thân ""Thứ nhất: Đây là dòng dung dịch vệ sinh đến từ thương hiệu dược mỹ phẩm Ziaja - rất lâu đời tại Ba Lan, được bày bán rộng rãi tại nhiều hiệu thuốc, bệnh viện, và trung tâm y tế lớn 
(sau đó cắt các source giới thiệu về hãng của KOL, KOC)""
Thứ hai: Các chị em cứ yên tâm khi dùng em này vì đảm bảo về độ lành tính, dịu nhẹ
Thứ ba: Điều mà chúng ta quan tâm nhất khi lựa chọn sản phẩm, công dụng của em nó đúng không nào

Out: Vậy còn chần chừ chi mà chưa sắm cho mình một em dung dịch vệ sinh quốc dân để chăm sóc bé mèo nhỉ các nàng ơi (chèn video ""Mua ngay"" của Pam ở cuối)",DDVS Ziaja Intimate nói chung,"Giới thiệu thương hiệu Ziaja Intimate được review bởi nhiều KOLs, KOCs",,Cần sự đảm bảo từ các chuyên gia/KOLs,Trưởng thành,,,"Chuyên nghiệp, đáng tin cậy",Khoảng 45s,Người muốn có sự xác nhận từ người nổi tiếng,"AIDA (Attention - Interest - Desire - Action) → Tạo sự tò mò, chứng minh sản phẩm đáng tin, thúc đẩy hành động","Phân tích & chứng thực từ KÓC, KOLs"
17,"Intro: ""Cô bé khó chịu chưa người đẹp? 
Nhìn ảnh này hoang mang chưa người đẹp?

""""Đấy, tui từng như mấy bà, sốc nặng vì điều này đây!""""""

Thân: ""Đi khám mới biết, tình trạng này không có gì đáng lo cả, ai gần kỳ dâu cũng đều thấy hoặc với mom nào mang bầu thì còn gặp rất thường xuyên
NHƯNG ...
nếu cô bé đi kèm ngờ ứa, mùi lạ… thì thôi xác định nha! khúc này mấy bà hoang mang được rồi này""
Với kinh nghiệm gặp các vị cứu tinh áo trắng thường xuyên, tui được dặn là phải duy trì những thói quen này ... để cô bé khỏe mạnh và đặc biệt là dùng sản phẩm làm sạch chuyên dụng nha
Khỏe re, sạch sẽ, không còn châm chích là nhờ em nó cả đấy. Các bác tư vấn Ziaja Intimate thì quá là uy tín và an tâm còn gì, nhìn số lượng feedback của hội chị em là thấy

Out: ""Ai gặp tình trạng khó nói thì đừng chần chừ, 1 vé thăm khám ngay nha! Mà có ai từng được khuyên dùng em Ziaja Intimate này như tui không? Cmt kể tui nghe với nhé""",Chai xanh nhạt,"Đề cập đến các vấn đề vùng kín, cảnh báo về dấu hiệu nguy hiểm, cảnh báo sức khỏe vùng kín, tạo nhận thức",,"Lo lắng về tình trạng viêm nhiễm, khó chịu",Trưởng thành,,,"Cảnh báo nhưng nhẹ nhàng, tư vấn gần gũi",50-55s,Phụ nữ gặp vấn đề sức khỏe vùng kín,"PAS (Problem - Agitation - Solution) → Xác định vấn đề, nhấn mạnh lo lắng, đưa ra giải pháp",Tư vấn sức khỏe + gợi ý sản phẩm
,"Intro: ""Chào mọi người! Hôm nay Synaeshy cực kỳ háo hức khi lần đầu tiên được đồng hành cùng Ziaja Intimate – thương hiệu dung dịch vệ sinh quốc dân, ai dùng rồi cũng siêu mê trong dịp sale lớn cuối tháng 2 này!

Thân: Và tin vui cho cả nhà đây! Ngày 24-25/2, hãng sẽ có một phiên live cực bùng nổ với deal quà tặng siêu siêu xịn 

List quà tặng bao gồm kem khoáng chống nắng SPF50 và kem dưỡng ẩm tùy theo khung giờ các bạn đặt hàng
- Khi mua dung dịch vệ sinh bất kỳ, số lượng 2 là được tặng 
- Còn khi mua Ziaja Med hoặc Ziaja Baby, số lượng 1 thui là đã được ring quà về rồi

Các bạn nhớ chốt deal ngay trong live vì quà có hạn! Không săn là tiếc lắm đó! 

Out: 📌 Nhớ set lịch ngày 24-25/2, vào live cùng Ziaja Intimate để rinh deal cực hời nha!""",Quảng bá sự kiện sale & livestream không tập trung bán hàng,"Flash sale, livestream mua sắm",,Không muốn bỏ lỡ ưu đãi hấp dẫn,Trưởng thành,,,"Kêu gọi mạnh mẽ, tạo FOMO ",40 - 45s,Người thích mua hàng qua livestream,"SLAP (Stop - Look - Act - Purchase) → Tạo nhu cầu, kích thích mua hàng ngay","Khuyến mãi, marketing sự kiện"
,"Intro: """"""nhất định sẽ mua""""
""""sẽ mua""""""

Thân: Món đồ gì mà khiến các anh trai ai cũng muốn rước về ngay cho người yêu? Đặc biệt là dịp 8/3 này nếu như các ông chưa biết tặng quà gì cho chị nhà thì phải xem hết video này nhé
""Cứ mỗi tháng một lần, chắc chắn anh em sẽ trải qua cơn giông bão mang tên: Người yêu khó ở, đụng nhẹ cũng nổi nóng.""""

Nhưng anh em có biết, phần lớn nguyên nhân không phải do tâm trạng... mà là do cảm giác bí bách, khó chịu trong người?
Nếu cô bé bị ẩm ướt, bí bách cả ngày, không thoải mái thì sao mà vui nổi?""""""
""Thế mà có giải pháp rồi đây, chính là chai Ziaja Intimate này, giúp vùng nhạy cảm sạch thoáng, dịu nhẹ, nàng thoải mái hơn – và anh em cũng đỡ khổ hơn!

Từ ngày có em này, thấy cô ấy đỡ cáu gắt hẳn
Anh em có hiểu cảm giác ‘từ địa ngục trở về thiên đường’ là như nào chưa?""

Out: Quà không cần cầu kỳ, chỉ cần ĐÚNG THỨ nàng cần và là chàng tặng là được đó nha các anh!",DDVS Ziaja Intimate nói chung,Tặng quà 8/3 cho chị em,,"Nam giới không biết tặng gì cho bạn gái, vợ",Trưởng thành,,,"Hài hước, relatable",50s,Nam giới đang tìm quà cho người yêu,AIDA (Attention - Interest - Desire - Action),"Hướng dẫn chọn quà, relatable humor"
,"intro: ""Nếu đã xem video trước, mấy bà biết tôi đã mua chai dung dịch vệ sinh này với giá… chỉ 69K!""""
Lúc mở hộp  đã thấy có gì đó sai sai rồi nhưng test thử thì đúng là ôi dời ơi, sốc""

Thân: ""- Chất kem như video trước tôi đã nói là khác hoàn toàn chai chính hãng
- Mùi thì thơm rất nồng, tự hỏi bản thân rằng đây có phải dấu hiệu của cồn hay chất tạo bọt mạnh 
- Test lên tay để lại cảm giác khô, không mềm, khá nhờn khi thoa
- Da tay hơi căng như kiểu vừa rửa nước rửa chén
(đợi phản ứng vài tiếng xem có bị kích ứng hay gì không?)

Mấy bà nghĩ tôi nói quá? Tôi thì thấy may vì bản thân chỉ gặp phải vấn đề trên khi test ở trên tay thôi, chứ nếu dùng xuống vùng dưới thì: (show cmt feedback)

Và đây là phản ứng của rất nhiều người khi mua phải chai Intima giá rẻ giống như tôi, để cmt ở đây cho các bà đọc nhé""

Out: ""Thật ra lúc đặt mua mình đã hoang mang rồi nhưng đúng là KHÔNG DÁM NGHĨ TỚI VIỆC DÙNG THẬT í
Miễn bàn về giá đi vì mình thì không lý giải được tại sao giá lại chênh nhiều như thế

Nhưng thay vì tiết kiệm để mua loại rẻ rồi hoang mang không biết đây là hàng gì, nơm nớp lo lắng cho sức khỏe vùng tam giác thì mua sản phẩm chính hãng, được phân phối chính ngạch tại thị trường Việt Nam, an tâm về nguồn gốc, an toàn về chất lượng thì có phải ngày ăn ngon, đêm ngủ yên, cô bé bình yên kể cả ngày giông bão không

Các bà nhớ là hàng nhập khẩu chính hãng ở Việt Nam chỉ có duy nhất Ziaja Intimate, mua tại kênh chính thức của hãng đủ 3 tem để kiểm chứng nhé

=> Sức khỏe không có giá rẻ, đừng để ham rẻ biến bản thân thành chuột bạch nha các người đẹp.""","Chai LA (hot, dễ bị làm giả)","Cảnh báo về hàng giả giá rẻ, chia sẻ trải nghiệm thực tế",,Muốn tiết kiệm tiền nhưng có nguy cơ mua phải hàng giả,Trưởng thành,,,"Giật gân, cảnh báo, có chút hài hước",50-60s,"Người muốn mua sản phẩm chất lượng, tránh hàng giả",ACCA (Awareness - Comprehension - Conviction - Action),"Cảnh báo, trải nghiệm thực tế"
,"Intro: Chưa bao giờ tui thấy baby three lại nguy hiểm như bây giờ

Thân: Baby three này (chỉ vào 1 gấu baby three) hay baby three trong ngoặc kép đều mang những đặc tính chung: một món đồ chơi có ngoại hình bắt mắt nhưng là một cỗ máy bào tiền
Cùng là mang lại niềm vui nhưng baby three trong ngoặc kép thì chắc chắn là những điều mà nhiều cô gái không muốn gặp nhất
Do vậy mỗi cô gái phải luôn nhớ rằng phải luôn yêu thương, trân trọng bản thân để baby three không có cơ hội để chen ngang vào mối quan hệ của 2 người
Ziaja Intimate tự tin là người bạn đồng hành trong hành trình glow up của mọi cô gái, giúp các nàng khoẻ mạnh, tự tin và hạnh phúc hơn
Sản phẩm phù hợp với tất cả các mọi độ tuổi, kể cả mẹ bầu sau sinh - lúc chị em chúng mình tự ti nhất

Out: ""Chăm sóc bản thân là không bao giờ thừa để bản thân trở nên xinh đẹp, tự tin hơn và để baby three chỉ là món đồ chơi chứ không phá hoại hạnh phúc gia đình""",Nhắc nhẹ về sản phẩm,"Ẩn dụ về ""baby three"" (gấu bông) để nói về bé 3 trà xanh",,"Cần chăm sóc bản thân để luôn tự tin, hạnh phúc",Trưởng thành,,,"Hài hước, sáng tạo, relatable",50s,Phụ nữ quan tâm đến self-care,3S (Star - Story - Solution),"Chia sẻ quan điểm, lối sống"
,"Intro: Nv nữ hỏi nhân vật nam (giấu mặt: chèn icon chat GPT): Theo anh thì rào cảnh lớn nhất của các anh trong cuộc yêu là gì? 

Thân: NV nam ""hmm nói thật với em thì nhiều khi cũng đi đến ngã 3 đường rồi mà là lại băn khoăn không biết là nên đâm thẳng hay đi vào đoạn đường khác vì ngã 3 nhiều khi gặp vấn đề khó nói""
nv nữ ""Ui vậy theo anh thì chị em cần làm gì để cải thiện tình trạng này?""
""À thì… Đường có sạch, có thông thoáng thì đi mới mượt chứ! Chứ mà... tới nơi rồi mà thấy đường xóc, chướng ngại vật thì… sao mà yên tâm mà chạy được!""
""Đúng ha, ai mà muốn chạy trên đường gồ ghề đâu. Mà nói thật nha, các anh có công nhận từ khi các chị em tìm ra ‘bạn đồng hành’ của mình, đường đi lúc nào cũng trơn tru, mượt mà, tự tin hơn hẳn không?""
""Quá là đồng tình đi, may sao. chứ nhiều lúc anh em cũng khổ tâm lắm…""

Out: """"""Thế nên chị em nhớ nhé, luôn giữ đường sá thông thoáng nha, đừng để các anh băn khoăn ở ngã 3 nữa. Ai đồng tình thì điểm danh nào""""""",Nhắc nhẹ về sản phẩm,"Giúp chị em chăm sóc vùng kín để luôn sạch thoáng, tự tin",,"Gặp tình trạng khó chịu, ảnh hưởng đến cuộc sống, tình yêu",Trưởng thành,,,"Hài hước, đối đáp thông minh",50s,"Cả nam và nữ, nội dung mang tính giải trí",HHH (Hook - Help - Hero),"Hội thoại, content viral"
,"Intro: Các mom ơi! Đừng vì không biết đến điều này mà để 9 tháng 10 ngày mang bầu là những chuỗi dài khó chịu và cảm giác rau mùi ở vùng tam giác nhé!

Thân: Khi có những dấu hiệu như thế này: (minh họa) các mẹ thường rất tự ti trước ông xã, lo ngại nguy cơ tiềm ẩn về sức khỏe cô bé, thậm chí nếu nặng hơn là ảnh hưởng sức khỏe của cả mẹ và bé. Với người có kế hoạch sinh con, nghĩ thôi cũng sợ điều này rồi
Và sau khi khảo sát rất nhiều mẹ bầu, mẹ sau sinh, tui đã tìm được đáp án chung để ""hóa giải"" cho mấy mom rồi đây
Không gì đơn giản, dễ thực hiện mà lại hiệu quả hơn việc cho cô bé cảm giác sạch sẽ, thoáng mát khi dùng em DDVS Intimate Ziaja này cả
Đây là phiên bản được các mom rất rất ưa chuộng nhờ có thành phần Lactobionic Acid, vùng tam giác của các mom sẽ vừa được làm sạch nhẹ nhàng, ẩm, mịn mà còn săn chắc và được bảo vệ an toàn hơn
9 tháng 10 ngày không chỉ là mang thai, mà còn là tận hưởng hành trình làm mẹ! Đừng để cảm giác khó chịu hay nỗi lo về rau mùi ở cô bé làm mẹ mất tự tin nhé 

Out: Đặt hàng ngay hôm nay để hưởng ưu đãi đặc biệt dành cho mẹ bầu trong tháng này thôiiii",Chai LA,Sức khỏe vùng kín trong thai kỳ,,"Cảm giác khó chịu, lo lắng về vệ sinh trong lúc mang thai",Trưởng thành,,,"Tâm sự, chia sẻ ",50s,"Phụ nữ mang thai, sau sinh",PAS (Problem - Agitation - Solution),"Chia sẻ kinh nghiệm, hướng dẫn"
,"Intro: ""Mình mới mua 69k hôm trước, ai dùng xong về bị ngứa không?""

Thân: Bên cạnh những feedback tốt, 5/5 sao đánh giá thì chúng mình đôi khi vẫn nhận về những phản hồi như thế này về sản phẩm DDVS Ziaja Intimate
""1. Chưa mua được sản phẩm chính hãng
Và sau khi tổng hợp, chúng mình thấy đây là hai lý do chính dẫn đến câu chuyện trên:
Một chai Ziaja Intimate chính hãng khi mua qua kênh Intimate Official Store sẽ có bao bì như thế này, texture dạng kem, không quá lỏng và quan trọng có 3 tem:
- Tem niêm yết
- Tem chống hàng giả có dấu của Bộ Công An
- Tem phụ tiếng việt
Giá thành đều được chúng mình công khai, minh bạch, sẽ có giảm sâu và quà tặng nhưng tùy thời điểm và phiên live nha, chứ rẻ quá như kia coi chừng tiền mất ít nhưng tật mang nhiều đấy""
""2. Dùng loại DDVS chưa phù hợp
Mặc dù Ziaja Intimate có rất nhiều loại, nhưng mỗi chai sẽ phù hợp với tình trạng cô bé khác nhau, các bà nên đọc kĩ để chọn dòng tương thích với bé mèo của mình, cho bé mèo cảm giác thoải mái dễ chịu nhất nha""
Thế mới nói, việc chọn mặt gửi vàng, chọn gian hàng chính hãng, sản phẩm phù hợp luôn là điều rất rất quan trọng, cần đặc biệt lưu tâm

Out: Nếu bà nào có vấn đề nhẹ ở vùng tam giác, cảm thấy bị châm chích,... thì cứ xanh nhạt mà dùng cho tui, cải thiện tốt lắm đó, tui có gắn link ở góc trái rồiii",Chai LA,"Cảnh báo về mua hàng giá rẻ, không rõ nguồn gốc",,Muốn mua sản phẩm giá tốt nhưng không biết hàng thật - giả,Trưởng thành,,,"Cảnh báo nhưng vẫn nhẹ nhàng, giải thích rõ ràng",50 - 60s,"Người đang tìm hiểu về sản phẩm, có nguy cơ mua phải hàng giả",ACCA (Awareness - Comprehension - Conviction - Action),"Cảnh báo, hướng dẫn mua hàng"
,"Intro: ""Sale mà giá chẳng khác gì ngày thường?
Không tin đúng không? Intimate Ziaja đang live, vào xem ngay đi để kiểm chứng nhé""

Thân: ""ưu đãi lên đến 30%, freeship tất cả các đơn hàng, giá giảm lần lượt:
HA: 195 
LA 215 
Hồng 230
Cam 205
men 285
Gel 165 

cùng rất nhiều Voucher lên tới 20%
Mua số lượng 2 ddvs được tặng thêm 1 tệp 6 phong bao lì xì nhé""

Out: Đang live rồi đấy, vào xem ngay nha",Tập trung vào promotion,"Săn sale, kích thích mua hàng",,"Hoài nghi về chương trình khuyến mãi, muốn kiểm chứng",Trưởng thành,,,"Gấp rút, FOMO",40s,"Người thích mua sắm online, săn sale",SLAP (Stop - Look - Act - Purchase),Quảng cáo Flash Sale
,"Intro: ""Ưu điểm: Fan cứng thương hiệu Ziaja
Nhược điểm: Cháy túi vì brand này đồ chăm sóc gì cũng có ""

Thân: Trước nay lướt toptop cứ nghĩ Ziaja chỉ có mỗi DDVS nhưng không ngờ hãng này lại chính là thương hiệu Dược - Mỹ phẩm uy tín tại Ba Lan với rất rất nhiều sản phẩm khác dành cho chăm sóc mặt, cơ thể, tóc và cả cho trẻ em. 
Không bán thì thôi chứ hễ bán là phản hồi tốt cứ phải gọi là ê hề. Đến bác Lyn cũng xin được nhận huy chương fan cứng, khéo cũng gần cháy túi vì Ziaja

Out: Mùa đông khô hanh này mấy bà biết mua mấy đồ dưỡng ẩm da mặt với cơ thể ở đâu rồi đấy.",Tập trung vào branding,"Giới thiệu Ziaja là thương hiệu dược - mỹ phẩm đa dạng, không chỉ có dung dịch vệ sinh",,"Chỉ biết Ziaja qua dung dịch vệ sinh, chưa khám phá các dòng khác",Trưởng thành,,,"Thân thiện, relatable",45s,Người đã biết đến Ziaja nhưng chưa khám phá hết danh mục sản phẩm,AIDA (Attention - Interest - Desire - Action),"Khám phá thương hiệu, review tổng quan"
,"Intro: Cô gái ước mình biết điều này sớm hơn

Thân: Trước đây toàn mang bé mèo khó chịu đi học, đi làm mà không biết cách vệ sinh sao cho bé mèo khỏe mạnh. 

Out: ""Cho tới khi đi kiểm tra sức khoẻ bé mèo được các Bác khuyên dùng Ziaja Intimate.Lúc đó cô mới biết vùng da của bé mèo cần một sản phẩm có thành phần tự nhiên để bảo vệ và chăm sóc hàng ngày. Sản phẩm thì nổi rần rần không chỉ chiến thành Hà Linh mà còn được Hằng Du Mục tin tưởng sử dụng trong suốt giai đoạn mang bầu. Đừng chờ đến khi gặp vấn đề mới tìm cách xử lý. Hãy yêu thương bé mèo đúng cách ngay hôm nay.""","4 chai DDVS cream:
- Hyaluronic Acid: xanh đậm
- Lactobionic Acid: xanh nhạt
- Lactic Acid: hồng
- Ascorbic Acid: cam",Hành trình chăm sóc sức khỏe vùng kín,,Không biết vùng kín cần được chăm sóc bằng sản phẩm chuyên biệt,Trưởng thành,,,"Tâm sự, chia sẻ cá nhân, truyền cảm hứng",50s,Phụ nữ chưa từng dùng dung dịch vệ sinh chuyên biệt,PAS (Problem - Agitation - Solution),"Hành trình cá nhân, chia sẻ trải nghiệm"
,"Intro: Một sự thật bạn nên biết: Cùng là 2 chai xanh đình đám của nhà Intimate Ziaja, vậy màu nhạt và màu đậm khác nhau như thế nào?

Thân: Xanh đậm dành cho những người có cô bé khô hạn vì có Hyaluronic Acid hỗ trợ dưỡng ẩm và làm mềm, dùng hàng ngày vô tư, giúp bé mèo luôn dễ chịu, thoải mái
Còn chai xanh nhạt này dành cho những người có vấn đề như ngứa, mùi, đặc biệt phù hợp cho mẹ bầu, sau sinh, vì trong này có Lactobionic Acid giúp làm dịu, bổ sung lợi khuẩn và giảm mùi, giúp cho bé mèo khỏe mạnh.

Out: Cả 2 chai này đều an toàn, lành tính và dùng được hàng ngày. Nếu bạn có thắc mắc gì hãy để lại cmt dưới đây nha","- HA: hỗ trợ cung cải thiện tình trạng cô bé bị khô
- LA: hỗ trợ cải thiện cô bé có vấn đề",Giải thích công dụng của hai dòng xanh đậm và xanh nhạt,,Không biết chọn loại nào phù hợp,Trưởng thành,,,"Rõ ràng, đơn giản, dễ hiểu",Khoảng 40s,"Người mua hàng mới, chưa biết về sản phẩm","FAB (Feature - Advantage - Benefit) → Mô tả đặc điểm, lợi ích, công dụng thực tế","Tư vấn, so sánh"
,"Intro: Dung dịch vệ sinh của Ziaja an toàn đến mức mà lúc mình quên sữa tẩm mặt mình còn dùng nó lên mặt luôn Vậy, 

Thân: 198 bình luận nhá các bạn Nhưng mà trong tất cả các cái sản phẩm mà tôi review í, chưa bao giờ luôn Có một cái sản phẩm, có một cái nhãn hàng mà không có một ai lên tiếng để chê nó Trời ơi, đây là một cái điều mà kiểu tôi chưa bao giờ tưởng tượng nữa luôn í Hôm nay nếu các bác đang muốn mua dung dịch vệ sinh của nhà GiaGia thì tôi sẽ chia sẻ với các bác 3 cái chai này khác nhau như thế nào nha Các bạn ở nước ngoài cũng khen là dùng siêu thích và rất nổi ở các hệ thống siêu thị này Các bạn mà đã từng đi bác sĩ gia liễu cũng đã từng được kê này Hoặc là các bạn mà đi khám sản khoa luôn cũng đã từng được kê Thì còn nói gì với độ uy tín nữa các bác Đầu tiên là cái bản này là dòng hoa lam chuông, sẽ có mùi hương thơm nhẹ nhàng Và chất của nó dặn gel nên rất là mỏng, nhẹ và khô thoáng Tuy nhiên cá nhân, mình lại không thích bản này lắm Bởi vì mình cảm giác là khi mà sử dụng lên í Không biết tại sao nhưng mà nó vẫn hơi hơi ngứa í mọi người Nhưng mà Linh thường không có mua bản này đâu Nếu như là bạn nào Linh nghĩ rằng thực sự mà chưa ABC Với cả là chưa có bầu, chưa có con Thì dùng cái này nó mới phù hợp thôi Có bầu rồi, có con rồi Thì xin hãy sử dụng cái bản HA này dùm đi Em này nó rất là mềm mịn ở trên da của mình luôn Và lúc mà mình sử dụng í, nó vừa kháng phẩm tốt này Và nó không gây viêm này Bên cạnh đấy nó còn giúp cho mọi người không hề bị khô nữa Riêng chai này thì Linh rất là mê Bầu đến lúc mà để xong là Linh đã sử dụng 2 chai rồi Còn với những bà nào mà các bà rất là ngại Những vấn đề liên quan đến ngứa, giác và đỏ í Cô bé của mình đang gặp vấn đề Thì Linh nghĩ rằng cái em Latoponic này Nó sẽ giải quyết được cho mọi người Bạn này thì rất là hay ở chỗ là nó sử dụng lợi khuẩn này Cũng như là một vài cái thành phần tẩy da chết Để giúp cho làm da của mọi người nó được thô thoáng Bên cạnh đấy quan trọng nha Là em này khử mùi hôi rất là tốt 

Out: Ngày mai, ngày 3 tháng 3 Linh đang có deal độc quyền với cả nhà Zaza Để tặng cho mọi người cái deal 2 em này Với mức giá rất là rẻ Sẽ có deal dung dịch vệ sinh Cực kì, cực kì rẻ dành cho tất cả mọi người Ok, mọi người đừng quên là ấn đăng ký Và Linh hẹn gặp mọi người vào ngày mai nhá",4 dòng cream,"Độ hot của sản phẩm, review thực tế",,"Tìm kiếm sản phẩm lành tính, an toàn",Trưởng thành,,,"Hài hước, cường điệu để gây ấn tượng","50-60s, hơi dài nhưng hấp dẫn","Người thích xem review thực tế, quan tâm đến sự an toàn, lành tính của DDVS","AIDA (Attention - Interest - Desire - Action) → Tạo sự tò mò, gây hứng thú, thuyết phục, kêu gọi mua hàng","Trải nghiệm cá nhân, phản ứng cộng đồng"
,"Intro: Mình đã dùng thứ đó được 2 năm rồi, lần đầu tiên dùng mình thấy nó có bọt, thực sự mình không dùng nổi Nhưng sau 2-3 lần tiếp theo thì mình đã... 

Thân: Trong đoạn video trên là một nạn nhân bị rụ rỗ bởi một loại dung dịch dạng gel màu xanh trên tay tôi đây Thưa quý vị, được biết là loại dung dịch này sản xuất tại Ba Lan Chúng được sản xuất với quy mô lớn một cách vô cùng tinh vi Và đã đến tay nhiều người phụ nữ, đặc biệt là phụ nữ đang mang thai Vâng, bằng những thành phần như chất xuất cúc la mã, B5, Acid Lactic v.v. 

Out: Đã làm các trẻ em không thể ngưng dùng loại dung dịch này hàng ngày Bí ẩn là vậy, tuy nhiên thì sản phẩm này vẫn được mua bán tràn lan trên thị trường Còn người dân thì vẫn đâm đầu vào mua Gel vệ sinh Intimate Cúc La Mã Thành phần từ thiên nhiên, thuần chay, tạo bọt vừa phải Hương thơm cúc la mã dịu nhẹ, xứng đáng được trẻ em phụ nữ tin dùng Và đó chính là gel vệ sinh Intimate Cúc La Mã",DDVS Intimate Cúc La Mã,"Giới thiệu Intimate Cúc La Mã, nhấn mạnh thành phần tự nhiên",,Tò mò về độ hot của sản phẩm,Trưởng thành,,,"Hài hước, mang tính giải trí cao",40-50s,"Người thích xem TikTok giải trí, follower của kênh","3S (Star - Story - Solution) → Dẫn dắt bằng nhân vật chính, kể câu chuyện thú vị, đưa ra giải pháp","Giả lập, giải trí"
,"Intro: Đây là lần thứ 2 tôi đi khám lại cô bé và nhận được kết quả. Cảm ơn em bình thường nhé.

Thân: Ôi vui quá đi mất mọi người ơi Thôi khỏi rồi Lần trước ta đi khám nhận được kết quả cô bé đang gặp vấn đề Mà lo lắm luôn ý Xong rồi được gây đơn với khuyên dùng NZ Ava bỏ sồi này nè Em này thì hỗ trợ cho cô bé đang gặp vấn đề rất là tốt nhá Bình phần thịt thuần chay có chất sức bỏ sồi hỗ trợ làm dịu vấn đề cô bé Dùng một thời gian thì thấy kết quả vậy là tôi mừng lắm rồi Chai cũ hết rồi này Giờ mua thêm chai mới để dùng nữa Em này thì có thể dùng hàng ngày nha mọi người Đừng lo là chỉ gặp vấn đề cô bé mới dùng được Mà là ai đang trong trục thì dùng râu Hoặc là tụi nó đang ở đúng nơi kiếm bảng kinh thì cũng dùng đúng nữa Riêng tôi thì tôi và em này hỗ trợ vấn đề cô bé của tôi rất là ok nhá

Out: Mấy bà thử dùng em này đi Thì lại mê giống tôi ý",Intimate Vỏ sồi,Hành trình cải thiện sức khỏe vùng kín,,Lo lắng khi gặp vấn đề sức khỏe vùng kín,Trưởng thành,,,"Gần gũi, chân thật","50s, phù hợp",Người đang gặp vấn đề về sức khỏe vùng kín,"PAS (Problem - Agitation - Solution) → Nêu vấn đề, nhấn mạnh cảm xúc, đưa ra giải pháp","Hành trình cá nhân, chia sẻ thật"
,"Intro: Đã hết! Đã mua mới! Dùng em này bao lâu nay? 

Thân: Giờ tôi mới biết là chị Hà Linh cũng đã dùng hàng 4 năm rồi Và có rất nhiều người đã mua đi mua lại sản phẩm như tôi Nên số lượt bán mới lên đến cùng này đấy Lại còn có vô vàn đánh giá tốt nữa Thực sự quá uy tín Mấy bà nào mà chưa dùng em này thì phải thụi ngay đi Em Hoa Lan Chuông này có chất geo, rất là thiết kiệm Dùng được hàng ngày dành cho đa số cô bé Kể cả cô bé nhạy cả mùa hè đi du lịch quên công an sữa tắm Tôi còn lấy em này tắm luôn cơ Do có thành phần vegan organic, an toàn và lành tính Để mấy bà yên tâm nhé Dùng xong cô bé ẩm mịt Lại còn có thương Hoa Lan Chua thơm nhẹ nữa Nói nhỏ nhá, người yêu tôi mê cái mùi này lắm 

Out: Bà nào mà chưa dùng thử cái chai này Hay là đang có chai du dịch vệ sinh sắp hết thì mua ngay em này đi",Intimate Hoa Lan Chuông,Trải nghiệm người dùng lâu dài,,Tìm kiếm sản phẩm phù hợp lâu dài,Trưởng thành,,,"Chân thật, gần gũi",45-50s,"Người thích review thực tế, đang gặp vấn đề tương tự",Before-After → So sánh trước và sau khi dùng sản phẩm trong thời gian dài,"Review cá nhân, trải nghiệm dài hạn."
,"Intro: Vấn đề này hơi nhạy cảm một xíu, nhưng mà cả các bạn nam và các bạn nữ đều nên xem nhé, xem để mà hiểu nỗi khổ của các bạn nữ. 

Thân: Có lẽ bạn nữ nào cũng đã ít nhất một lần trong đời gặp tình trạng bất thường, nó vô cùng ngáy và mùi rất là khó chịu. Thưa kể, đi vệ sinh cũng rất là đau buốt, và điều đáng sợ nhất là nó có thể tái bệnh rất nhiều lần. Mình cũng từng phải đi khám đặt thuốc các thứ, và cũng may mắn biết được em Zia ra này. Mình nghĩ là chai này đã quá quen thuộc với các chị em rồi, vì em nói được hội phụ sản huyên dùng. Trong đây thì chứa hyaluronic acid, thuốc giữa ngập và làm sạch sâu, nên rất phù hợp để các chị em dùng hàng ngày. Em này có một mùi hương khá là nhẹ nhàng và dễ chịu. Sau khi sử dụng chai này thì mình thấy là cô bé được cải thiện khá là rõ rệt, không còn bị ám mùi hôi như trước nữa. 

Out: Nói chung là có vô vàn nguyên nhân có thể khiến cô bé bị tổn thương, nên hãy chăm chỉ vệ sinh cô bé và thay quần con mỗi ngày để cô bé luôn được khỏe mạnh và thơm tho nhé.",Chai HA xanh đậm,"Câu chuyện về sức khỏe vùng kín, kêu gọi ý thức vệ sinh",,"Bất tiện, khó chịu do vệ sinh không đúng cách",Trưởng thành,,,"Tâm sự, nhẹ nhàng",50s,"Cả nam và nữ, giúp nâng cao nhận thức","HHH (Hook - Help - Hero) → Gây sự chú ý, cung cấp giải pháp, làm nổi bật nhân vật chính","Chia sẻ kinh nghiệm, nâng cao nhận thức"
,"Intro: Có mỗi chai sữa tắm cô bé thôi mà bác sĩ, KOL, KOC, người người nhà nhà đều sử dụng Để mình test xem nào 

Thân: Đây là 3 gióng HA, LA và phiên bản hồng của Ziaza Intimate Về cảm quang thì 3 chai này đều có dạng kem lỏng, có mùi nhẹ nhẹ giống mùi phấn rôm, không nồng, rất dễ chịu Cả 3 chai thì đều đã được kiểm nghiệm da liễu, chứng nhận vegan Chai xanh nhạt chứa Lactobionic Acid giúp giảm nhẹ tình trạng cô bé có vấn đề Chai xanh đậm chứa Hyaluronic Acid giúp tốc ẩm sâu cho cô bé Chai hồng chứa Lactic Acid nặng đô hơn xanh nhạt giúp giảm mùi, tủng cố lợi khuẩn, giàn tình trạng vấn đề của cô bé Sản phẩm tạo bọt dùng song thế nhẹ nhàng, ẩm mà thoáng, thích cực kỳ luôn 

Out: Đã trải nghiệm và đúng như những gì mình mong đợi, cảm thấy sẽ cũng đáng bỏ tiền ra cho chị em lên sản phẩm bảo giới này nhé","3 dòng HA, LA, Hồng","Review sản phẩm, hướng dẫn lựa chọn",,Không biết chọn loại nào phù hợp,Trưởng thành,,,"Khoa học, rõ ràng, hướng dẫn chi tiết",45s,Người mới tìm hiểu sản phẩm,"FAB (Feature - Advantage - Benefit) → Đặc điểm, lợi ích, giá trị thực tế",Tư vấn chọn sản phẩm
,"Intro: Thời gian qua, lợi dụng sự yêu thích của khách hàng dành cho sản phẩm.Nhiều bên đã tung ra thị trường vô số hàng giả têm chính hàng Gắn mắt hàng xích tay kèm thông tin nèo lái dư luận về nguồn gốc xuất xứ 

Thân: Bản chất thì Intima cũng không hoàn toàn là hàng fake Nhưng do không có giấy tờ kiểm chứng nên rất dễ bị trà trốn Về tờ giấy tờ cảnh báo rồi đấy Intima có siêu nhiều hàng phá kè và không có cách nào để chứng minh hàng thật giả Với Intima không được dặn chuyển, phân phối chứng ngạch về Việt Nam Không có giấy tờ chứng minh nguồn gốc xuất xứ, không có cả tên chống hàng giả luôn Thế nên là các bạn lưu ý này, phải biết chọn mặt gửi vàng Chọn sóc chính hãng an toàn để mua hàng Cô em phải khỏe mạnh thì cô chị biết tự tin được chứ Một chai Intima hàng thật thì sẽ có để đủ 3 tên Thứ nhất là phần nắp có tên nhâm yết Thứ 2 ở phần cạnh có tên chống hàng giả có dấu của Bộ Công an Và thứ 3 ở phần đằng sau lưng sẽ có tên phụ tiếng huyện có chứa thông tin của sản phẩm 

Out: Chị em nhớ nhá, không mua hàng, không dẫu nguồn gốc xuất xứ Không cắt tay cho kẻ xấu gây hại sức khỏe cho chị em",Tập trung vào cảnh báo,Cảnh báo hàng giả,,Lo ngại mua phải hàng kém chất lượng,Trưởng thành,,,"Cảnh báo, nghiêm túc",khoảng 50s,Người đang tìm mua sản phẩm,"ACCA (Awareness - Comprehension - Conviction - Action) → Tạo nhận thức, giải thích, thuyết phục, kêu gọi hành động","So sánh, kiểm chứng"
,"Intro: 36.000 lượt bán, 4.3.000 lượt đánh giá Thì mình tìm hiểu xem là điều gì tạo nên độ hot của em này giữa thị trường đầy dẫy các sản phẩm sữa tắm cô bé nhé 

Thân: Thứ nhất là làm sạch và cất ẩm cực tốt Khi mà chúng ta tìm các sản phẩm làm sạch chỗ đó thì tâm lý chị em thường có chung một câu hỏi như thế này Dùng xong thì cô bé có bị hạn hàn không? Từ đó thì mình mới biết là em xanh đậm 80m nhà Gia Gia là chân ái vì đáp ứng được tốt tất cả các yêu cầu của chị em Sản phẩm trừa Alatoni và Pathenol giúp dựa ẩm, làm mềm vùng da cô bé sau khi sử dụng đem lại cho chúng mình cảm giác dịu nhẹ Em này còn có hyaluronic acid hỗ trợ duy trì độ ổn định pH, giúp củng cố hệ kháng khuẩn tự nhiên Cô bé của chúng ta phải xanh xẽ mới hạn chế được việc cô bé có mùi khó chịu hay các vấn đề của em nó Thứ 2 là an toàn MTM xanh đậm này chính là pet xe lùi của nhà Gia Gia Hãng sản xuất dùng yếp phẩm lớn và uy tín tại Ba Lan Những sản phẩm của hãng đều có chủ nghiệm thuyên nhân về gần Thế nên mẹ bầu hay sau sinh cứ yên tâm sử dụng em nó nhé Khi về Việt Nam thì em nó còn được hội phụ sản Việt Nam khuyên dùng Đi kiểm tra thì chị em đều được giới thiệu là mua chai này để chăm sóc cô bé khỏe mạnh đấy Thứ 3 là chất lượng Intimate Official Store tự tin là đơn vị phân phối chính hãng sản phẩm Intimate Gia Gia tại Việt Nam Thế nên là chọn sản phẩm cho mùi nghĩa cảm 

Out: Chị em phải đặc biệt lưu ý chọn nơi uy tín để mua nhé Chúng mình í thì có gắn lên sản phẩm ở đây nè",Chai HA xanh đậm,Giải thích lý do sản phẩm bán chạy,,Nghi ngờ về sản phẩm có thực sự tốt không,Trưởng thành,,,Khách quan,45s,Người đang cân nhắc mua sản phẩm,"QUEST (Qualify - Understand - Educate - Stimulate - Transition) → Đặt vấn đề, giải thích, thúc đẩy hành động",Kiểm chứng
,"Intro: Phụ nữ họ sẽ ngoan ngoãn, tự giác, cởi bỏ quần, nằm lên giường đợi bạn 

Thân: Nếu như bạn là bác sĩ sản phục khoa có bằng cấp và chuyên môn đầy đủ Và đây là thứ giúp mình chia tay với chuỗi ngày khổ sở phải đi gặp bác sĩ Nhưng cũng là lý do khiến mình phải đi gặp bác sĩ Ai cũng biết đây là 2 chai cùng màu màu xanh nhạt của nhà diễn ra dành cho các cô bé đang gặp bệnh viện Nhìn thì có vẻ đúng nhau, nhưng 1 chai là phát tính và 1 chai là tính tình Vậy, nếu là phát tính, trải nghiệm của mình cực kì dễ khi dùng với chai này Rửa xong bị rít và hơi khô, mùi thì gần giống chai Intimate Nhưng có hắt hơn 1 chút, các vấn đề trở nên nặng hơn, không có dấu hiệu thuyên giảm Chai phát tính thì rẻ hơn chai cứu tinh tận 1 nửa Nhưng dùng xong là bay luôn tận mấy triệu tiền đi khám phục khoa Thế có đáng không? Mình không dám khẳng định là chai Intima này có phải hàng giá hay không Nhưng có thêm tiền mua Intimate ở trên trang phân phổ chính hãng Intimate Store Thực sự cảm giác hắt bọt hẳn, khỏe mại, sạch sẽ, thơm thoáng Là 3 cụ từ mà mình dùng để miêu tả cảm giác sau khi sử dụng em này Hiểu, rửa xong, không bị khô rít, không bị gặp các vấn đề khó chịu như trước nữa Trong này có chứa thành phần Lactobionic Acid Một loại acid thế hệ mới, có khả năng làm sạch tốt, củng cố hệ bi khuẩn có lợi Ngoài ra, Acid Lactic và Pro-Vitamin B5 Cũng là 2 thành phần đóng vai trò không nhỏ trong việc duy trì cân bằng độ pH Giữ lại độ ấm tự nhiên trong khuôn tăm xác Em này được đông đảo các chị em lựa chọn và được Hội Sạch Sản Việt Nam khuyên dùng Đánh giá sau trải nghiệm của người dùng cũng rất tốt, nên mình cực kỳ yên tâm Nhưng hưu ý, đây là loại dành cho các bác đang có vấn đề 

Out: Các bác đã hết vấn đề rồi, thì chuyển sang cái chai màu xanh đậm này nhé Nhớ, tiền ít hay nhiều không quan trọng Đừng để tiền mất đợt mang giống mình nhé",Chai LA: xanh nhạt,So sánh sản phẩm chính hãng và hàng giả,,Lo ngại về chất lượng sản phẩm trôi nổi trên thị trường,Trưởng thành,,,"Giật gân, thu hút sự chú ý",50s,Người muốn mua sản phẩm chính hãng,"SLAP (Stop - Look - Act - Purchase) → Thu hút, tạo chú ý, thúc đẩy mua hàng chính hãng","Cảnh báo, so sánh thực tế"
,"Intro: Chị dùng Intimates của Ziaja Dùng loại Ziaja Intimates 

Thân: Loại này được Hội Phụ Sản khuyên dùng mà Này thì mình dùng được 2-3 năm rồi Thì loại này giúp giữ ẩm rồi dùng xong không bị khô Chị dùng loại này vì hồi trước chị đi khám người ta khuyên dùng Từ năm ngoái đến năm nay vẫn dùng loại đấy thôi Lành tính, dịu nhẹ và được Hội Phụ Sản Việt Nam khuyên dùng Là những lý do khiến cho các mẹ bầu ở công ty mình Đều tin tưởng lựa chọn sử dụng cái Intimates Cream này của nhà Zia Zaa Tô bé thì vốn đã rất nhạy cảm Nhưng khi có bầu hay là sau sinh thì càng dễ có những vấn đề bất thường hơn Nên rất cần loại dùng dịch vệ sinh an toàn và dịu nhẹ Trái Zia Zaa này thì sẽ hỗ trợ cho các măm đang gặp tình trạng khó chịu Do có Lactobiodic Acid, em nó sẽ hỗ trợ làm sạch, làm dịu Giúp các măm có cảm giác thoải mái và dễ chịu hơn Chất creamy tạm bọt êm trên da, độ pH thì phù hợp Nên khi sử dụng xong vẫn giữ được độ mềm mại, không bị khô kiên kít đâu nha Các mẹ có thể yên tâm sử dụng từ khi bầu đến sau sinh nhé Và có một cái lưu ý đặc biệt nữa cho tất cả các măm này 

Out: Đấy là để đảm bảo sức khỏe của bản thân thì tất cả chúng ta rất nên sử dụng hoàn chính hãng nha Mình có để link cái sản phẩm này ở góc trái màn hình đấy","Nhấn mạnh Ziaja Intimate Cream dành cho mẹ bầu, sau sinh.: Lactobionic Acid giúp làm sạch, làm dịu, hỗ trợ cân bằng độ pH","Nhấn mạnh vào nhóm mẹ bầu và sau sinh, tạo sự tin tưởng",,"Mẹ bầu, phụ nữ sau sinh thường gặp tình trạng khô rát, khó chịu vùng kín.
Cần một sản phẩm an toàn, lành tính, đã được kiểm chứng",Trưởng thành,,,"Gần gũi, chân thực, đáng tin cậy.
Mang tính tư vấn, chia sẻ kinh nghiệm hơn là quảng cáo trực tiếp",50s,"Phụ nữ mang thai, sau sinh, hoặc người muốn tìm sản phẩm dịu nhẹ cho vùng kín",Before-After (So sánh trước và sau khi dùng sản phẩm),Trải nghiệm cá nhân (Personal Storytelling)
,"Intro: Intimate hay Intima hiện tại vẫn đang là một vấn đề cực kì nhức nhối Mà dù thế nào thì vụ việc này cũng đẩy ra một đống drama liên tiếp Có drama thì mình cũng ngồi đây để hóng thôi 

Thân: Chẳng là chị này có lên một video cảnh báo Intima là hàng giả đấy Mọi người đừng có mua Cũng vạ miệng mà chưa có tìm hiểu Nên là một chị khác có tìm hiểu hơn Và lên video với lời lẽ đánh thép Mà có khi không làm beauty thì chị này còn làm vật sư được Phảng định là dù có ma hay là vết thì đều là hàng ảo Chỉ có điều là ma dễ làm giả hơn mét thôi Đất tóm tắt drama chỉ đơn giản thế thôi Nhưng mà đọc xong thì cũng giải trí phép Nhất lại là sản phẩm dành riêng cho cô bé nữa thì được mọi người quan tâm rất nhiều Mà các bạn có để ý là drama nóng thì luôn đến từ những người có số có má không? Thì con này cũng vậy thôi Sản phẩm quá hot, lượt bán, quá khủng Thì mới nổ ra một cuộc tranh luận dài đến thế Chứ không phải là do chị thứ 2 đã từng review bản Intima à? Chúng khác nhau là một bản hàng nội địa sách tay Không có pinline, không có giấy tờ chứng minh nguồn gốc Nên rất dễ bị pha trội Còn một bản là hàng nhập khẩu chính ngạch Bao kiểm cho mọi người Sản này thì là một thương hiệu rực mỹ phẩm đến từ Ba Lan Các sản phẩm của nhà này thì được mọi người yêu thích Vì sự an toàn và êm dịu cho làn da Cùng với chất xuất từ thiên nhiên lành tính An toàn cho môi trường Đặc biệt là được Hội Phụ Sản Khoa Việt Nam khuyên dùng Thế luôn bao giờ đi kiểm tra định kỳ cũng được bảo dùng em này Cả hai bản thì đều có thành phần Patenoi và Allantoin Lactic Acid đều là làm mềm, làm dịu Và củng cố hệ vi khuẩn tự nhiên Khác nhau ở bản mình đang dùng màu xanh đậm Có Hyaluric Acid, tưỡng ẩm, làm mềm Còn bản xanh nhạt thì mình hay thấy được khuyên dùng Với những bạn gặp vấn đề với cô bé Và giá thì có đôi phần nhỉnh hơn Để mình nói về cảm nhận thì không có từ ngữ nào Có thể miêu tả về sự sạch sẽ, thoải mái Và dễ chịu khi dùng gia gia Không có khác gì một ad dung dịch vệ sinh quốc dân của các chị em đâu Drama thì cũng đáng để hóng đấy 

Out: Nhưng mà thay vì cứ nhờ mua sách tay này kia cho xa xôi Thì mọi người nên tham khảo những điểm bán uy tín Bó cần hơn nữa thì mọi người cứ mua Intimate cho chắc ăn Bởi vì...","- HA: hỗ trợ cung cải thiện tình trạng cô bé bị khô
- LA: hỗ trợ cải thiện cô bé có vấn đề","Drama tranh luận về hàng thật - giả, tạo sự tò mò, lôi cuốn người xem.
 Tóm tắt tranh cãi trong cộng đồng, hướng dẫn chọn sản phẩm chính hãng",,"Hoang mang giữa giá thành, nguồn gốc của 2 dòng này",Trưởng thành,,,"nghiêm túc, thẳng thắn, Hài hước, châm biếm nhẹ, gây chú ý",hơn 1 phút,"khách hàng quan tâm đến dung dịch vệ sinh, cụ thể là Ziaja Intimate","3S (Star - Story - Solution) → Dẫn dắt bằng drama (câu chuyện), kể lại diễn biến, đưa ra giải pháp (chọn mua hàng chính hãng)","Drama - Tranh cãi (Gossip, Trendjacking)"