,STT,CÃ¡c ká»‹ch báº£n tá»«ng lÃ m cho nhÃ£n hÃ ng,MÃ´ táº£ sáº£n pháº©m,Chá»§ Ä‘á»ƒ,ThÃ´ng tin nhÃ£n hÃ ng,Váº¥n Ä‘á» cá»§a ngÆ°á»i dÃ¹ng,Giai Ä‘oáº¡n sáº£n pháº©m,ChÃ­nh sÃ¡ch cá»§a Tiktok,ChÃ­nh sÃ¡ch cá»§a nhÃ£n hÃ ng,Tone of voice,Thá»i lÆ°á»£ng cá»§a ká»‹ch báº£n,Äá»‘i tÆ°á»£ng hÆ°á»›ng Ä‘áº¿n,Bá»‘ cá»¥c video,Dáº¡ng ná»™i dung
0,1.0,"Intro: KhÃ´ng pháº£i káº¹p má» vá»‹t, cÅ©ng khÃ´ng pháº£i bÃ¡c sÄ© nam, thá»© lÃ m mÃ¬nh Ã¡m áº£nh nháº¥t má»—i láº§n Ä‘i kiá»ƒm tra cÃ´ bÃ© chÃ­nh lÃ  cÃ¡i chai nÃ y nÃ y má»i ngÆ°á»i Æ¡iii. Vá»©t, vá»©t, vá»©t háº¿t, tÃ­nh ra cÅ©ng sÆ°u táº§m gáº§n Ä‘á»§ cÃ¡c phiÃªn báº£n nhÃ  Intimate rá»“i tá»« khi cÃ´ bÃ© cÃ´ bÃ© cÃ²n ""á»‘m yáº¿u"" cho tá»›i khoáº» máº¡nh nhÆ° bÃ¢y giá». 

ThÃ¢n: CÃ²n táº¡i sao láº¡i Ã¡m áº£nh thÃ¬ cá»© má»—i láº§n Ä‘i kiá»ƒm tra thÃ¬ chá»‰ cáº§n nhÃ¬n vÃ o mÃ u sáº¯c tá»«ng chai lÃ  biáº¿t sá»©c khoáº» cá»§a cÃ´ bÃ© Ä‘ang nhÆ° nÃ o. 
NhÆ° 6 thÃ¡ng trÆ°á»›c mÃ¬nh Äƒn uá»‘ng sinh hoáº¡t khÃ´ng Ä‘iá»u Ä‘á»™, cÃ´ bÃ© khÃ³ chá»‹u cáº£ ngÃ y, Ä‘i kiá»ƒm tra thÃ¬ cÃ¡c bÃ¡c kÃª cho chai xanh nháº¡t nÃ y nÃ y, tháº¥y báº£o cá»© cÃ³ váº¥n Ä‘á», máº¹ báº§u máº¹ bá»‰m thÃ¬ auto lÃ  chai nÃ y, vÃ¬ báº§u cÆ¡ thá»ƒ thay Ä‘á»•i nhiá»u láº¯m, há»i 10 thÃ¬ 8 ngÆ°á»i gáº·p váº¥n Ä‘á» vÃ¹ng chá»¯ Y, Ä‘áº¿n cÃ¡c mom cÃ²n dÃ¹ng Ä‘Æ°á»£c thÃ¬ cháº¯c cháº¯n pháº£i ráº¥t an toÃ n, lÃ nh tÃ­nh.
KiÃªn trÃ¬ dÃ¹ng Ä‘áº¿n thÃ¡ng trÆ°á»›c mÃ¬nh Ä‘i kiá»ƒm tra láº¡i thÃ¬ trá»™m vÃ­a cÃ´ bÃ© khoáº» máº¡nh, ko váº¥n Ä‘á» gÃ¬ ná»¯a tháº¿ lÃ  chuyá»ƒn sang chai xanh Ä‘áº­m HA sáº½ thuáº§n vá» lÃ m sáº¡ch, dÆ°á»¡ng áº©m vÃ  phÃ¹ há»£p dÃ¹ng hÃ ng ngÃ y hÆ¡n. CÃ²n chai mÃ u cam nÃ y lÃ  báº£n má»›i ra máº¯t, mÃ¬nh tham kháº£o thÃ¬ cÃ³ thÃªm vitamin C, cÃ´ bÃ© tÆ°Æ¡i tráº» ráº¡ng rá»¡ hÆ¡n thÃ¬ ai cháº³ng thÃ­ch

Outro: ThÃ¡ng Táº¿t bÃªn TikTok Shop chÃ­nh hÃ£ng Ä‘ang cÃ³ nhiá»u voucher láº¯m, má»i ngÆ°á»i tranh thá»§ nha","- CÃ³ Ä‘á» cáº­p Ä‘áº¿n 3 phiÃªn báº£n cá»§a Ziaja Intimate (xanh nháº¡t, xanh Ä‘áº­m, cam) cÃ¹ng cÃ´ng dá»¥ng cá»§a tá»«ng loáº¡i","
 
Ká»‹ch báº£n xoay quanh tráº£i nghiá»‡m cÃ¡ nhÃ¢n vá» viá»‡c sá»­ dá»¥ng sáº£n pháº©m.
Chá»§ Ä‘á» ""HÃ nh trÃ¬nh cáº£i thiá»‡n sá»©c khá»e vÃ¹ng kÃ­n"" tá»« lÃºc cÃ³ váº¥n Ä‘á» Ä‘áº¿n khi khá»e máº¡nh.",,"NgÆ°á»i dÃ¹ng lo láº¯ng vá» sá»©c khá»e vÃ¹ng kÃ­n, cáº£m giÃ¡c khÃ³ chá»‹u khi sinh hoáº¡t khÃ´ng Ä‘iá»u Ä‘á»™.
Nhá»¯ng ai gáº·p váº¥n Ä‘á» sau sinh, thay Ä‘á»•i ná»™i tiáº¿t tá»‘ cÃ³ thá»ƒ quan tÃ¢m Ä‘áº¿n dÃ²ng sáº£n pháº©m nÃ y.
Ká»‹ch báº£n thá»ƒ hiá»‡n ráº±ng viá»‡c chá»n Ä‘Ãºng sáº£n pháº©m giÃºp cáº£i thiá»‡n tÃ¬nh tráº¡ng vÃ¹ng kÃ­n.",TrÆ°á»Ÿng thÃ nh,,,- nháº¹ nhÃ ng (linh hoáº¡t),51 giÃ¢y,"- Ä‘a dáº¡ng Ä‘á»™ tuá»•i  
- nhá»¯ng ngÆ°á»i cÃ´ bÃ© Ä‘ang cÃ³ váº¥n Ä‘á»: ngá»©a, viÃªm nhiá»…m,...","PAS (Problem - Agitation - Solution)
 ",Chia sáº» kinh nghiá»‡m
1,2.0,"Intro: ""Mua chai 500ml mÃ  dÃ¹ng cho tiáº¿t kiá»‡m""
""Sao cÃ¹ng lÃ  Ziaja mÃ  chai 200ml láº¡i Ä‘áº¯t hÆ¡n 500ml nhá»‰""
ChÃºng mÃ¬nh Ä‘Ã£ nháº­n Ä‘Æ°á»£c ráº¥t nhiá»u tin nháº¯n vÃ  bÃ¬nh luáº­n cá»§a khÃ¡ch hÃ ng nháº§m láº«n vá» viá»‡c Intimate ra máº¯t phiÃªn báº£n má»›i vá»›i dung tÃ­ch 500ml. CÃ¹ng lÃ  Ziaja nhÆ°ng trÃªn thá»±c táº¿ láº¡i lÃ  hÃ ng xÃ¡ch tay khÃ´ng Ä‘Æ°á»£c Ä‘áº£m báº£o vá» nguá»“n gá»‘c vÃ  giáº¥y tá», ráº¥t dá»… lÃ m giáº£, chai 500ml nhÆ°ng láº¡i cÃ³ má»©c giÃ¡ ráº¥t ráº», tháº­m chÃ­ chá»‰ báº±ng má»™t ná»­a so vá»›i chai 200ml.

ThÃ¢n: VÃ¬ váº­y nhÃ£n hÃ ng buá»™c pháº£i lÃªn clip nÃ y Ä‘á»ƒ Ä‘Ã­nh chÃ­nh vá»›i táº¥t cáº£ khÃ¡ch hÃ ng Ä‘Ã£ tin tÆ°á»Ÿng sá»­ dá»¥ng Intimate trong thá»i gian vá»«a qua, Ziaja Intimate chá»‰ cÃ³ duy nháº¥t dung tÃ­ch 200ml cho táº¥t cáº£ cÃ¡c phiÃªn báº£n xanh Ä‘áº­m, xanh nháº¡t, há»“ng, cam. Chá»‹ em khi mua hÃ ng pháº£i chá»n Ä‘Ãºng chai cÃ³ chá»¯ ""Intimate"" Ä‘á»ƒ Ä‘áº£m báº£o chÃ­nh hÃ£ng.
TrÃªn tay mÃ¬nh Ä‘ang lÃ  2 chai DDVS best seller vÃ  dá»… bá»‹ lÃ m giáº£ nháº¥t cá»§a Intimate, vá» cháº¥t lÆ°á»£ng thÃ¬ khÃ´ng cáº§n pháº£i bÃ n cÃ£i nhiá»u vÃ¬ Ä‘Ã£ Ä‘Æ°á»£c kiá»ƒm chá»©ng qua hÃ ng chá»¥c hÃ ng feedback vÃ  Ä‘Ã¡nh giÃ¡ 5* tá»« há»™i chá»‹ em. 
Biáº¿t lÃ  chai to giÃ¡ ráº» dÃ¹ng sáº½ tiáº¿t kiá»‡m hÆ¡n nhÆ°ng dÃ¹ng xong mÃ  tá»‘n cáº£ triá»‡u báº¡c Ä‘i kiá»ƒm tra sá»©c khoáº» cÃ´ bÃ©, váº­y cÃ³ Ä‘Ã¡ng khÃ´ng???

Out: Thá»±c sá»± pháº£i tráº£i qua cáº£m giÃ¡c dÃ¹ng pháº£i DDVS hÃ ng giáº£ má»›i biáº¿t Ä‘Ã¡ng sá»£ tháº¿ nÃ o, Ä‘áº¯t hay ráº» khÃ´ng quan trá»ng, lá»±a chá»n lÃ  á»Ÿ chá»‹ em, nhá»› pháº£i chá»n Ä‘Ãºng sáº£n pháº©m chÃ­nh hÃ£ng, cháº¥t lÆ°á»£ng nhÃ©",- DDVS Ziaja Intimate xanh nháº¡t: thÃ nh pháº§n chÃ­nh: Lactobionic Acid,- CÃ¹ng 1 hÃ£ng nhÆ°ng má»©c giÃ¡ cá»§a cÃ¡c sáº£n pháº©m bÃ¡n táº¡i nhiá»u nÆ¡i láº¡i chÃªnh lá»‡ch rÃµ rÃ ng,,"hoang mang giá»¯a cÃ¡c má»©c giÃ¡, dung tÃ­ch cá»§a sáº£n pháº©m trÃªn thá»‹ trÆ°á»ng (nhiá»u hÃ ng xÃ¡ch tay hay hÃ ng trÃ´i ná»•i,...)",TrÆ°á»Ÿng thÃ nh,,,"NghiÃªm tÃºc, cáº£nh bÃ¡o, kÃªu gá»i nÃ¢ng cao nháº­n thá»©c.",1 phÃºt 5 giÃ¢y,"- Ä‘a dáº¡ng Ä‘á»™ tuá»•i  
- nhá»¯ng ngÆ°á»i cÃ´ bÃ© Ä‘ang cÃ³ váº¥n Ä‘á»: ngá»©a, viÃªm nhiá»…m,...","ACCA (Awareness - Comprehension - Conviction - Action) â†’ Táº¡o nháº­n thá»©c vá» váº¥n Ä‘á», giáº£i thÃ­ch, thuyáº¿t phá»¥c, thÃºc Ä‘áº©y hÃ nh Ä‘á»™ng mua hÃ ng chÃ­nh hÃ£ng.",Cáº£nh bÃ¡o 
2,3.0,"Intro: NhiÃªu Ä‘Ã¢y chai DDVS Ziaja Intimate mÃ¬nh Ä‘Ã£ dÃ¹ng háº¿t trong nÄƒm vá»«a qua nhÆ°ng cÃ³ 1 sá»± tháº­t mÃ  giá» má»›i biáº¿t?

ThÃ¢n: áº¨m má»‹n, sáº¡ch thoÃ¡ng, dá»‹u nháº¹, lÃ nh tÃ­nh, chÃ­nh hÃ£ng, quá»‘c dÃ¢n lÃ  tÃ­nh tá»« mÃ  cÃ¡c tÃ­n Ä‘á»“ Ä‘Ã£ Æ°u Ã¡i dÃ nh riÃªng cho Ziaja Intimate. NgoÃ i kháº£ nÄƒng chÄƒm sÃ³c sá»©c khoáº» bÃ© mÃ¨o Ä‘Ã£ Ä‘Æ°á»£c kiá»ƒm chá»©ng thÃ¬ khÃ´ng pháº£i ai cÅ©ng biáº¿t tá»›i cÃ´ng dá»¥ng nÃ y - Ziaja Intimate cÃ³ thá»ƒ dÃ¹ng Ä‘á»ƒ táº¯m hÃ ng ngÃ y, tháº¿ nÃªn sáº¯p tá»›i cÃ³ Ä‘i du lá»‹ch, chÆ¡i xa hay vá» quÃª Äƒn Táº¿t thÃ¬ cÅ©ng chá»‰ cáº§n mang 1 chai nÃ y lÃ  Ä‘á»§.
""Báº£ng thÃ nh pháº§n Ä‘áº¹p, an toÃ n nhÆ°ng váº«n Ä‘Ã¡p á»©ng Ä‘áº©y Ä‘á»§ tiÃªu chÃ­: 
- Há»— trá»£ láº¥y Ä‘i cÃ¡c táº¿ bÃ o thá»«a, giÃºp da sáº¡ch thoÃ¡ng
- DÆ°á»¡ng áº©m, má»m má»‹n ko khÃ´ rÃ­t
- Há»— trá»£ cá»§ng cá»‘ há»‡ lá»£i khuáº©n tá»± nhiÃªn trÃªn da""
Äá»‘i vá»›i ngÆ°á»i chÆ°a tá»«ng dÃ¹ng Ziaja Intimate thÃ¬ mÃ¬nh váº«n luÃ´n recommend tráº£i nghiá»‡m 2 báº£n xanh Ä‘áº­m vÃ  xanh nháº¡t trÆ°á»›c vÃ¬ phÃ¹ há»£p vá»›i má»i tÃ¬nh tráº¡ng cÃ´ bÃ©. 
Äáº·c biá»‡t chai xanh nháº¡t sáº½ há»£p vá»›i mom Ä‘ang báº§u hay sau sinh nhá» kháº£ nÄƒng lÃ m dá»‹u kÃ­ch á»©ng, khÃ³ chá»‹u vÃ  tÃ¬nh tráº¡ng rau mÃ¹i trong suá»‘t thai kÃ¬.

Out: KhÃ´ng tá»± nhiÃªn Ziaja Ä‘Æ°á»£c má»‡nh danh lÃ  DDVS quá»‘c dÃ¢n vÃ  Ä‘á»u Ä‘Æ°á»£c cÃ¡c bÃ¡c recommend má»—i láº§n Ä‘i kiá»ƒm tra sá»©c khoáº» cÃ´ bÃ©. Váº«n luÃ´n nháº¥n máº¡nh má»i ngÆ°á»i pháº£i vÃ o gian hÃ ng chÃ­nh hÃ£ng Intimate Store Ä‘á»ƒ nháº­n vá» tay sáº£n pháº©m chuáº©n chÃ­nh hÃ£ng nha  ","4 chai DDVS cream:
- Hyaluronic Acid: xanh Ä‘áº­m
- Lactobionic Acid: xanh nháº¡t
- Lactic Acid: há»“ng
- Ascorbic Acid: cam",- CÃ´ng dá»¥ng Ã­t ai ngá» Ä‘áº¿n cá»§a DDVS,,"- quan tÃ¢m tá»›i sáº£n pháº©m nhÆ°ng kiáº¿n thá»©c vá» cÃ³ thá»ƒ táº¯m váº«n má»›i láº¡
- TÃ¬m kiáº¿m sáº£n pháº©m tiá»‡n lá»£i khi Ä‘i du lá»‹ch",TrÆ°á»Ÿng thÃ nh,,,"nháº¹ nhÃ ng, tÆ°Æ¡i , chia sáº» cÃ¡ nhÃ¢n, cÃ³ yáº¿u tá»‘ báº¥t ngá».",1 phÃºt 9 giÃ¢y,"- Ä‘a dáº¡ng Ä‘á»™ tuá»•i, ngÆ°á»i cÃ³ váº¥n Ä‘á» á»Ÿ vÃ¹ng nháº¡y cáº£m
- ngÆ°á»i mÃ  da (body) cÃ³ má»¥n, tÃ¬m sá»¯a táº¯m an toÃ n, lÃ nh tÃ­nh","FAB (Feature - Advantage - Benefit) â†’ Nháº¥n máº¡nh tÃ­nh nÄƒng (dá»‹u nháº¹, lÃ m sáº¡ch, dÆ°á»¡ng áº©m), Æ°u Ä‘iá»ƒm (an toÃ n, tiá»‡n lá»£i), lá»£i Ã­ch thá»±c táº¿ (cÃ³ thá»ƒ thay tháº¿ sá»¯a táº¯m).","Lá»i khuyÃªn, lá»±a chá»n"
3,4.0,"Intro: Khá»§ng hoáº£ng tuá»•i 23, láº§n Ä‘áº§u gáº·p váº¥n Ä‘á» vá» sá»©c khoáº» vÃ¹ng áº¥y lÃ  tráº£i nghiá»‡m nhÆ° tháº¿ nÃ o? Lá»i cáº£nh tá»‰nh cho máº¥y bÃ  hay xem nháº¹ viá»‡c Ä‘i kiá»ƒm tra sá»©c khoáº» Ä‘á»‹nh ká»³ cho cÃ´ bÃ©, máº·c dÃ¹ Ä‘Ã£ chÄƒm sÃ³c ráº¥t lÃ  kÄ©, tá»« giáº·t Ä‘á»“ chÃ­p riÃªng cho tá»›i bá»• sung lá»£i khuáº©n, men vi sinh, Äƒn uá»‘ng vÃ  sinh hoáº¡t lÃ nh máº¡nh vÃ  káº¿t quáº£ lÃ  ... 

ThÃ¢n: 
Kiá»ƒm tra chá»— nÃ o thÃ¬ cÅ©ng Ä‘Æ°á»£c cÃ¡c bÃ¡c khuyÃªn dÃ¹ng em Ziaja Intimate nÃ y, nhÆ°ng cÅ©ng pháº£i cáº£nh bÃ¡o loáº¡i nÃ y nhiá»u hÃ ng pha kÃ¨ láº¯m. HÃ´m mÃ¬nh Ä‘i kiá»ƒm tra thÃ¬ háº§u nhÆ° ai cÅ©ng kÃª cho chai nÃ y Ã¡, tá»« máº¥y bÃ© cáº¥p 3 cho tá»›i cÃ¡c cÃ´ bÃ¡c trung niÃªn, ai mÃ  thÆ°á»ng xuyÃªn Ä‘i kiá»ƒm tra sá»©c khoáº» cÃ´ bÃ© lÃ  quen máº·t luÃ´n. 
CÃ´ bÃ© mÃ  cÃ³ váº¥n Ä‘á», sá»©c Ä‘á» khÃ¡ng yáº¿u thÃ¬ tá»‘t nháº¥t nÃªn dÃ¹ng chai mÃ u xanh nháº¡t, cÃ¡c bÃ¡c báº£o trong nÃ y cÃ³ Lactobionic Acid giá»‘ng vá»›i AHA mÃ¬nh hay dÃ¹ng trong cÃ¡c sáº£n pháº©m skincare Ä‘á»ƒ táº©y táº¿ bÃ o thá»«a áº¥y, nhÆ°ng sáº½ dá»‹u nháº¹ hÆ¡n vÃ¬ cÃ´ bÃ© vá»‘n nháº¡y cáº£m. BÃ  nÃ o mÃ  bá»‹ ... náº·ng, kÃ­ch á»©ng, ngá»©a khÃ³ chá»‹u theo Ä‘á»£t thÃ¬ cá»© dÃ¹ng lÃ  tháº¥y dá»‹u liá»n, nma cÅ©ng cÃ²n tuá»³ vÃ o cÆ¡ Ä‘á»‹a má»—i ngÆ°á»i nha. 
Out: HÆ¡n 200 cÃ¡ 1 chai mÃ  giáº£i quyáº¿t má»i váº¥n Ä‘á», máº¥y bÃ  sÄƒn sale trÃªn cÃ³ khi giÃ¡ cÃ²n ráº» hÆ¡n nhiá»u Ã¡, mÃ  Ä‘áº§u tÆ° cho sá»©c khoáº» thÃ¬ chÆ°a bao giá» lÃ  Ä‘áº¯t cáº£ Ä‘Ãºng khÃ´ng chá»‹ em.",- DDVS Ziaja Intimate xanh nháº¡t: thÃ nh pháº§n chÃ­nh: Lactobionic Acid,Chia sáº» kinh nghiá»‡m sá»©c khá»e vÃ¹ng kÃ­n,,gáº·p nhiá»u váº¥n Ä‘á» á»Ÿ vÃ¹ng tam giÃ¡c,TrÆ°á»Ÿng thÃ nh,,,"chÃ¢n tháº­t, gáº§n gÅ©i, chia sáº» cÃ¡ nhÃ¢n",59 giÃ¢y,"- Ä‘á»™ tuá»•i u20, u30, láº§n Ä‘áº§u gáº·p nhá»¯ng váº¥n Ä‘á» khÃ³ nÃ³i á»Ÿ vÃ¹ng kÃ­n",PAS,Chia sáº» kinh nghiá»‡m
4,5.0,"Intro: ""ÃŠ m Æ¡i máº¥y Ä‘á»©a kia bÃ¡n hÃ ng giáº£ Ä‘áº¥y, hÃ´m ná» tao má»›i xem trÃªn tÃ³p tÃ³p ngÆ°á»i ta phá»‘t chai kia dÃ¹ng xong bá»‹ ngá»©a""
""Ã”i tháº­t Ã¡, cÃ¡i hot hot Ä‘áº¥y báº£o lÃ  DDVS quá»‘c dÃ¢n gÃ¬ mÃ , sao láº¡i hÃ ng Ä‘á»ƒu Ã¡, m cÃ³ nháº§m khÃ´ng""

ThÃ¢n: """"Cáº­u Æ¡i cáº­u báº£o ai bÃ¡n hÃ ng giáº£ tháº¿""""
""""Chai DDVS cá»§a ngÆ°á»i ta cÃ³ Ä‘á»§ cáº£ tem niÃªm yáº¿t, cáº£ tem chá»‘ng hÃ ng giáº£ cÃ³ dáº¥u cá»§a Bá»™ CÃ´ng an rá»“i tem phá»¥ Tiáº¿ng viá»‡t nhÆ° tháº¿ nÃ y mÃ  báº£o hÃ ng giáº£""""
""""Cáº­u biáº¿t cÃ¡i dÃ²ng DDVS cá»§a hÃ£ng Ziaja bÃªn Ba Lan nÃ³ tÃªn lÃ  Intima Ä‘Ãºng khÃ´ng? NhÆ°ng khi Ä‘Æ°á»£c nháº­p kháº©u vá» Viá»‡t Nam, báº¯t buá»™c pháº£i Ä‘á»•i tÃªn thÃ nh """"Intimate"""" Ä‘á»ƒ phÃ¢n biá»‡t vá»›i hÃ ng xÃ¡ch tay cháº³ng rÃµ rÃ ng vá» nguá»“n gá»‘c xuáº¥t xá»©, cháº³ng Ä‘Æ°á»£c kiá»ƒm Ä‘á»‹nh vá» cháº¥t lÆ°á»£ng Ä‘áº¥y! Chá»© khÃ´ng pháº£i vÃ¬ tÃªn khÃ¡c trÃªn web mÃ  cáº­u gá»i lÃ  hÃ ng giáº£ nha""""""
""""""Biáº¿t lÃ  cÃ ng Ä‘Æ°á»£c quan tÃ¢m, cÃ ng Ä‘Æ°á»£c quáº£ng bÃ¡ rá»™ng rÃ£i thÃ¬ Ziaja Intimate cÃ ng khÃ³ trÃ¡nh viá»‡c bá»‹ hÃ ng giáº£, hÃ ng nhÃ¡i, hÃ ng kÃ©m cháº¥t lÆ°á»£ng trÃ  trá»™n vÃ o thá»‹ trÆ°á»ng, gÃ¢y áº£nh hÆ°á»Ÿng tá»›i thÆ°Æ¡ng hiá»‡u cÅ©ng nhÆ° sá»©c khá»e ngÆ°á»i tiÃªu dÃ¹ng.
NÃªn lÃ  mua thÃ¬ cá»© tÃ¬m kÃªnh chÃ­nh hÃ£ng cho an toÃ n mÃ  yÃªn tÃ¢m""""""
ÄÃ¢y má»Ÿ Tiktok lÃªn, follow Intimate Official Store Ä‘i, kÃªnh chÃ­nh thá»©c cá»§a sáº£n pháº©m Ziaja Intimate táº¡i Viá»‡t Nam Ä‘áº¥y. 

Out: Bá»±c tháº¿ khÃ´ng biáº¿t ná»¯a, sÃ¡ng giá» chÆ°a quay Ä‘Æ°á»£c cÃ¡i video nÃ o mÃ  pháº£i giáº£i thÃ­ch vá»›i cá»¡ 100 ngÆ°á»i rá»“i",4 chai DDVS cream,"- Branding vá» thÆ°Æ¡ng hiá»‡u, hÃ ng nháº­p kháº©u chÃ­nh hÃ£ng, giÃ¡ cáº£ minh báº¡ch",,"- hoang mang vá» giÃ¡ thÃ nh sáº£n pháº©m (nhiá»u nÆ¡i bÃ¡n hÃ ng ráº»)
- cÃ¢u chuyá»‡n hÃ ng nháº­p kháº©u Intimate vÃ  hÃ ng xÃ¡ch tay, trÃ´i ná»•i Intima khÃ´ng há»“i káº¿t",TrÆ°á»Ÿng thÃ nh,,,"- chÃ¢n tháº­t, minh báº¡ch, thá»ƒ hiá»‡n Ä‘Æ°á»£c sá»± uy tÃ­n",52 giÃ¢y,"toÃ n bá»™ khÃ¡ch hÃ ng cá»§a Ziaja
- nhá»¯ng ngÆ°á»i quan tÃ¢m Ä‘áº¿n dung dá»‹ch vá»‡ sinh",QUEST,Kiá»ƒm chá»©ng thÃ´ng tin
5,6.0,"Intro: Táº¿t áº¤t Tá»µ - XÃ© tÃºi mÃ¹ Ä‘á»ƒ nháº­n lÃ¬ xÃ¬ háº¿t Ã½ cÃ¹ng Ziaja Intimate

ThÃ¢n: 666 phong bao Ä‘ang Ä‘Æ°á»£c nhÃ  mÃ¬nh cáº¥p tá»‘c chuáº©n bá»‹ Ä‘á»ƒ lÃ¬ xÃ¬ táº¥t cáº£ khÃ¡ch yÃªu nhÃ¢n dá»‹p Ä‘áº§u xuÃ¢n nÄƒm má»›i khi Ä‘áº·t hÃ ng tá»« ngÃ y 26 Táº¿t Ä‘áº¿n mÃ¹ng 5 Táº¿t, tá»©c ngÃ y 25/1 - 2/2
Cá»© mua lÃ  cÃ³ cÆ¡ há»™i nháº­n lÃ¬ xÃ¬ may máº¯n
""Má»™t nÄƒm ná»¯a Ä‘Ã£ trÃ´i qua vÃ  Ziaja Intimate khÃ´ng thá»ƒ diá»…n táº£ háº¿t sá»± biáº¿t Æ¡n vÃ¬ nháº­n Ä‘Æ°á»£c sá»± tin tÆ°á»Ÿng, á»§ng há»™ tuyá»‡t vá»i cá»§a QuÃ½ khÃ¡ch hÃ ng trong suá»‘t hÃ nh trÃ¬nh vá»«a qua.

ChÃ­nh sá»± tin tÆ°á»Ÿng cá»§a má»i ngÆ°á»i Ä‘Ã£ tiáº¿p thÃªm Ä‘á»™ng lá»±c Ä‘á»ƒ Ä‘á»™i ngÅ© chÃºng tÃ´i khÃ´ng ngá»«ng cá»‘ gáº¯ng, cáº£i tiáº¿n vÃ  mang Ä‘áº¿n nhá»¯ng sáº£n pháº©m vÃ  dá»‹ch vá»¥ tá»‘t nháº¥t. Ziaja Intimate luÃ´n trÃ¢n trá»ng tá»«ng lá»i khen, Ä‘Ã³ng gÃ³p vÃ  cáº£ nhá»¯ng pháº£n há»“i chÃ¢n thÃ nh.
NhÃ¢n dá»‹p Táº¿t áº¤t Tá»µ 2025, Ziaja Intimate mong ráº±ng sáº½ tiáº¿p tá»¥c Ä‘Æ°á»£c Ä‘á»“ng hÃ nh cÃ¹ng cÃ¡c bÃ¡c yÃªu trÃªn hÃ nh trÃ¬nh chÄƒm sÃ³c vÃ  nÃ¢ng niu cÆ¡ thá»ƒ.

Out: Äá»«ng quÃªn Ä‘áº·t hÃ ng tá»« hÃ´m nay Ä‘á»ƒ xÃ© tÃºi mÃ¹ lÃ¬ xÃ¬ vá»›i chÃºng mÃ¬nh nhÃ©""","KhÃ´ng táº­p trung vÃ o cÃ´ng dá»¥ng, chá»‰ nháº¥n máº¡nh Æ°u Ä‘Ã£i","
- Branding vá» thÆ°Æ¡ng hiá»‡u, cháº¡y promotion",,"- cáº­n ká» dá»‹p Táº¿t, ngÃ y lá»… lá»›n, quan tÃ¢m Ä‘áº¿n giÃ¡ sale, quÃ  táº·ng tá»« thÆ°Æ¡ng hiá»‡u",TrÆ°á»Ÿng thÃ nh,,,"vui tÆ°Æ¡i, hÃ o há»©ng, mang khÃ´ng khÃ­ Táº¿t",48 giÃ¢y,"- toÃ n bá»™ khÃ¡ch hÃ ng chÆ°a, Ä‘Ã£ hoáº·c Ä‘ang phÃ¢n vÃ¢n lá»±a chá»n mua DDVS ZI","SLAP (Stop - Look - Act - Purchase) â†’ Thu hÃºt sá»± chÃº Ã½, giáº£i thÃ­ch Æ°u Ä‘Ã£i, thÃºc Ä‘áº©y hÃ nh Ä‘á»™ng mua hÃ ng",- Video remix
6,7.0,"Intro: Hot 1000 Ä‘á»™ C, Intimate 1 láº§n ná»¯a chá»…m chá»‡ trÃªn báº£ng xáº¿p háº¡ng TÃ³p TÃ³p cho háº¡ng má»¥c Sáº£n pháº©m hÃ ng Ä‘áº§u vá» chÄƒm sÃ³c Sá»©c khoáº» vÃ  CÃ¡ nhÃ¢n

ThÃ¢n: Máº·c cho hÃ ng loáº¡t chai dung dá»‹ch vá»‡ sinh xÃ¡ch tay khÃ´ng rÃµ nguá»“n gá»‘c vá»›i má»©c giÃ¡ ráº» chá»‰ báº±ng 1 ná»­a Ä‘ang trÃ n lan ngoÃ i thá»‹ trÆ°á»ng, Intimate váº«n ngáº¡o nghá»… vá»›i hÆ¡n 150 nghÃ¬n lÆ°á»£t bÃ¡n, luÃ´n náº±m trong top sáº£n pháº©m mÃ  chá»‹ em nháº¥t Ä‘á»‹nh pháº£i cÃ³. KhÃ¡ch hÃ ng khi mua sáº£n pháº©m táº¡i gian hÃ ng Intimate Store sáº½ Ä‘Æ°á»£c cam káº¿t vá» cháº¥t lÆ°á»£ng, chÃ­nh hÃ£ng. Báº£ng thÃ nh pháº§n chuáº©n vegan, an toÃ n cho cáº£ cÃ¡c báº¡n ná»¯ Ä‘ang trong Ä‘á»™ tuá»•i dáº­y thÃ¬ hay phá»¥ ná»¯ tiá»n mÃ£n kinh. NgoÃ i ra, cÃ²n cÃ³ thá»ƒ thay tháº¿ sá»¯a táº¯m trong trÆ°á»ng há»£p chá»‹ em Ä‘i du lá»‹ch, chÆ¡i xa,... Báº£o sao khÃ´ng cáº§n giáº£m giÃ¡ váº«n bÃ£o Ä‘Æ¡n áº§m áº§m, cÃ¡c tÃ­n Ä‘á»“ cá»© Ä‘á»£i cÃ³ hÃ ng lÃ  pháº£i chá»‘t Ä‘Æ¡n luÃ´n.

Out: HÃ ng chuáº©n chÃ­nh hÃ£ng, Ä‘áº¯t nhÆ°ng xáº¯t ra miáº¿ng, Táº¿t nÃ y vá» quÃª khÃ´ng lo lá»‰nh ká»‰nh Ä‘á»“ Ä‘áº¡c, chá»‰ cáº§n 1 chai lÃ  Ä‘á»§. ",4 chai DDVS cream,"
- ÄÆ°a tin tá»©c (pov) - cÃ¡ch ngÆ°á»i ngoÃ i nhÃ¬n vÃ o sáº£n pháº©m",,- phÃ¢n vÃ¢n Ziaja Intimate vá»›i cÃ¡c dÃ²ng DDVS khÃ¡c,TrÆ°á»Ÿng thÃ nh,,,vui tÆ°Æ¡i,33 giÃ¢y,"- toÃ n bá»™ khÃ¡ch hÃ ng chÆ°a, Ä‘Ã£ hoáº·c Ä‘ang phÃ¢n vÃ¢n lá»±a chá»n mua DDVS ZI",AIDA,- Video remix
7,8.0,"Intro: ""Bá»‹ chiáº¿n tháº§n gá»i tÃªn 
Liá»‡u cá»™ng Ä‘á»“ng máº¡ng cÃ³ Ä‘ang overate dung dá»‹ch vá»‡ sinh Ziaja Intimate""

ThÃ¢n: NhÆ° 1 vÃ¬ tinh tÃº cá»©u rá»—i hÃ ng trÄƒm ngÃ n bÃ© mÃ¨o áº©m Æ°Æ¡ng, khÃ³ chiá»u, Ziaja Intimate váº«n bá»‹ cho lÃ  seeding lá»‘, bÃ¡n Ä‘áº¯t hÆ¡n loáº¡i dung dá»‹ch vá»‡ sinh xÃ¡ch tay, khÃ´ng rÃµ giáº¥y tá» nÃ o Ä‘Ã³. NhÆ°ng chÃ­nh tháº¥t váº«n chá»‡m chá»‡ trÃªn báº£ng xáº¿p háº¡ng, nháº­n Ä‘Æ°á»£c vÃ´ vÃ n Ä‘Ã¡nh giÃ¡ vÃ  rating 5 sao, ngang nhiÃªn xuáº¥t hiá»‡n trong livestream cá»§a nhiá»u Háº±ng Du Má»¥c, Chang Shu Gá» vÃ  trÃªn 2 láº§n Ä‘Æ°á»£c chiáº¿n tháº§n gá»i tÃªn. Xuáº¥t hiá»‡n nhiá»u thÃ¬ bá»‹ cho lÃ  seeding lá»‘ nhÆ°ng sáº£n pháº©m tá»‘t thÃ¬ xá»©ng Ä‘Ã¡ng Ä‘Æ°á»£c biáº¿t tá»›i nhiá»u hÆ¡n. Chá»‹ em thÆ°á»ng xuyÃªn Ä‘i kiá»ƒm tra sá»©c khoáº» vÃ¹ng chá»© Y cháº¯c cÅ©ng Ä‘Ã£ nháºµn máº·t vá»›i 2 chai xanh Ä‘áº­m chá»©a HA vÃ  xanh nháº¡t chá»©a LA nÃ y rá»“i pháº£i khÃ´ng. KhÃ´ng chá»‰ cÃ¡c hot reviewer Ä‘Ã¡nh giÃ¡ tá»‘t mÃ  cÃ²n Ä‘Æ°á»£c cÃ¡c y, dÆ°á»£c sÄ© chá»n máº·t gá»­i vÃ ng.

Out: CÆ¡ mÃ  Ä‘á»“ tá»‘t nhÆ° nÃ y, khÃ´ng cáº§n Ä‘áº¿n chá»‹ Háº±ng Du Má»¥c livestream, khÃ¡ch hÃ ng cÅ©ng tá»± dá»n kho Ziaja Intimate ","- HA: há»— trá»£ cung cáº£i thiá»‡n tÃ¬nh tráº¡ng cÃ´ bÃ© bá»‹ khÃ´
- LA: há»— trá»£ cáº£i thiá»‡n cÃ´ bÃ© cÃ³ váº¥n Ä‘á»","
- Flexing vá» sáº£n pháº©m + thÆ°Æ¡ng hiá»‡u",,- phÃ¢n vÃ¢n Ziaja Intimate vá»›i cÃ¡c dÃ²ng DDVS khÃ¡c hoáº·c chÆ°a biáº¿t Ä‘áº¿n thÆ°Æ¡ng hiá»‡u,TrÆ°á»Ÿng thÃ nh,,,"vui tÆ°Æ¡i, hÃ o há»©ng",39 giÃ¢y,- nhá»¯ng ngÆ°á»i Ä‘ang nghi ngá» vá» dung dá»‹ch vá»‡ sinh khi Ziaja Intimate quÃ¡ hot,AIDA,"- Video remix
- Kiá»ƒm chá»©ng"
8,9.0,"Intro: ""ChÆ°a tá»«ng cÃ³ trong tiá»n lá»‡
Ziaja Intimate chÆ¡i lá»›n táº·ng ngay lÃ¬ xÃ¬ cho khÃ¡ch hÃ ng may máº¯n, cá»© mua lÃ  cÃ³ cÆ¡ há»™i nháº­n quÃ ""

ThÃ¢n: Qua rá»“i cÃ¡i thá»i mua Intimate chá»‰ Ä‘Æ°á»£c freeship, nay nhÃ£n hÃ ng tri Ã¢n khÃ¡ch hÃ ng cá»±c khá»§ng, táº·ng sá»‘ lÆ°á»£ng lá»›n lÃ¬ xÃ¬ may máº¯n cho khÃ¡ch hÃ ng khi mua sáº£n pháº©m báº¥t ká»³ Ã¡p dá»¥ng tá»« ngÃ y 26 Ä‘áº¿n háº¿t mÃ¹ng 5 Táº¿t, tá»©c ngÃ y 25/1 Ä‘áº¿n háº¿t mÃ¹ng 2/2. 
Sáº£n pháº©m thÃ¬ khá»i pháº£i bÃ n cÃ£i vá» cháº¥t lÆ°á»£ng, luÃ´n Ä‘á»©ng trong top dung dá»‹ch vá»‡ sinh bÃ¡n cháº¡y, chá»‹ em quen máº·t má»—i khi Ä‘i kiá»ƒm tra sá»©c khoáº» cÃ´ bÃ©, hot tá»« trong nÆ°á»›c cho tá»›i Global, cÃ³ thá»ƒ nÃ³i lÃ  1 trong sá»‘ hiáº¿m cÃ¡c sáº£n pháº©m chá»‹ em chá»n mua mÃ  khÃ´ng cáº§n quan tÃ¢m Ä‘áº¿n giÃ¡. Äa dáº¡ng sáº£n pháº©m tá»« dung dá»‹ch vá»‡ sinh cho tá»›i chÄƒm sÃ³c da, láº¡i lÃ  brand dÆ°á»£c má»¹ pháº©m uy tÃ­n hÆ¡n 100 nÄƒm cá»§a Ba Lan, chá»‹ em an tÃ¢m sá»­ dá»¥ng

Out: Hiáº¿m láº¯m má»›i cÃ³ dá»‹p brand tri Ã¢n sÃ¢u Ä‘áº¿n váº­y, chá»‹ em nhanh tay Ä‘áº·t hÃ ng Ä‘á»ƒ trá»Ÿ thÃ nh khÃ¡ch hÃ ng may máº¯n nhÃ  Ziaja Intimate nha","- HA: há»— trá»£ cung cáº£i thiá»‡n tÃ¬nh tráº¡ng cÃ´ bÃ© bá»‹ khÃ´
- LA: há»— trá»£ cáº£i thiá»‡n cÃ´ bÃ© cÃ³ váº¥n Ä‘á»","
- Flexing vá» sáº£n pháº©m + thÆ°Æ¡ng hiá»‡u",,"- cáº­n ká» dá»‹p Táº¿t, ngÃ y lá»… lá»›n, quan tÃ¢m Ä‘áº¿n giÃ¡ sale, quÃ  táº·ng tá»« thÆ°Æ¡ng hiá»‡u",TrÆ°á»Ÿng thÃ nh,,,"vui tÆ°Æ¡i, hÃ o há»©ng",33 giÃ¢y,khÃ¡ch hÃ ng cá»§a Ziaja Intimate hoáº·c nhá»¯ng ngÆ°á»i quan tÃ¢m tá»›i sáº£n pháº©m,"SLAP (Stop - Look - Act - Purchase) â†’ Thu hÃºt sá»± chÃº Ã½, giáº£i thÃ­ch Æ°u Ä‘Ã£i, thÃºc Ä‘áº©y hÃ nh Ä‘á»™ng mua hÃ ng",Video remix
9,10.0,"Intro: Háº¾T Láº I MUA, KHÃ”NG PHáº¢I Tá»° NHIÃŠN MÃ€ CHÃšNG TA DÃ™NG ÄI DÃ™NG Láº I Má»˜T Sáº¢N PHáº¨M

ThÃ¢n: Náº¿u nhÆ° khÃ´ng giÃºp nhá»¯ng ngÃ y thÆ°á»ng sáº¡ch sáº½, giÃºp nhá»¯ng ngÃ y Ä‘Ã¨n Ä‘á» thoÃ¡ng mÃ¡t, dá»‹u Ãªm hay tráº£ láº¡i cho máº¹ báº§u sá»± tá»± tin thoáº£i mÃ¡i thÃ¬ liá»‡u cÃ¡c sáº£n pháº©m cá»§a Ziaja Intimate cÃ³ bÃ¡n Ä‘Æ°á»£c hÃ ng chá»¥c nghÃ¬n lÆ°á»£t, cÃ¡c fan cÃ²n mua Ä‘i mua láº¡i tháº¿ nÃ y khÃ´ng
Äáº¿n chá»‹ Háº±ng Du Má»¥c cÃ²n háº¿t lá»i khen, mÃ  ai chÆ°a sáº¯m cho mÃ¬nh má»™t em thÃ¬ quÃ¡ phÃ­

Out: Tui lÃ  thÃ­ch hai mÃ u xanh Ä‘áº­m, xanh nháº¡t láº¯m Ä‘Ã³. CÃ²n cÃ¡c bÃ¡c yÃªu thÃ¬ sao? CÃ³ tráº£i nghiá»‡m gÃ¬ khi dÃ¹ng sáº£n pháº©m? Hoáº·c cÃ²n bÄƒn khoÄƒn chi thÃ¬ bÃ¬nh luáº­n chÃºng mÃ¬nh biáº¿t vá»›i nha","- HA: há»— trá»£ cung cáº£i thiá»‡n tÃ¬nh tráº¡ng cÃ´ bÃ© bá»‹ khÃ´
- LA: há»— trá»£ cáº£i thiá»‡n cÃ´ bÃ© cÃ³ váº¥n Ä‘á»", Flexing vá» sáº£n pháº©m + thÆ°Æ¡ng hiá»‡u,,- phÃ¢n vÃ¢n Ziaja Intimate vá»›i cÃ¡c dÃ²ng DDVS khÃ¡c hoáº·c chÆ°a biáº¿t Ä‘áº¿n thÆ°Æ¡ng hiá»‡u,TrÆ°á»Ÿng thÃ nh,,,"chÃ¢n tháº­t, gáº§n gÅ©i",27 giÃ¢y,khÃ¡ch hÃ ng cá»§a Ziaja Intimate hoáº·c nhá»¯ng ngÆ°á»i quan tÃ¢m tá»›i sáº£n pháº©m,AIDA,Video remix
10,11.0,"Intro: ""CÃ” BÃ‰ THÆ¯á»œNG XUYÃŠN CHÃ‚M CHÃCH MÃ€ KHÃ”NG HIá»‚U Táº I SAO?
Máº¥y bÃ  Ä‘iá»ƒm danh xem mÃ¬nh cÃ³ Ä‘ang lÃ m Ä‘iá»u nÃ y má»—i ngÃ y khÃ´ng nhÃ©""

ThÃ¢n: ""Sá»‘ 1. Giáº·t Ä‘á»“ chip chung vá»›i quáº§n Ã¡o hÃ ng ngÃ y, lÃ m nhá»¯ng cháº¥t bá»¥i báº©n dÃ­nh trÃªn quáº§n Ã¡o bÃªn ngoÃ i láº«n vÃ o Ä‘á»“ chip
Sá»‘ 2. Thay Ä‘á»“ chip ra nhÆ°ng khÃ´ng giáº·t luÃ´n, khiáº¿n cháº¥t báº©n tÃ­ch tá»¥, khÃ³ vá»‡ sinh sáº¡ch
Sá»‘ 3. KhÃ´ng thay Ä‘á»“ ná»™i y Ä‘á»‹nh ká»³, vÃ¬ khi sá»­ dá»¥ng lÃ¢u ngÃ y, sáº½ tÃ­ch tá»¥ nhiá»u vi khuáº©n dÃ¹ váº«n giáº·t sáº¡ch sáº½ hÃ ng ngÃ y
Sá»‘ 4. Máº·c trang phá»¥c bÃ³ sÃ¡t, khiáº¿n cÃ´ bÃ© khÃ´ng thoáº£i mÃ¡i, dá»… gÃ¢y tráº§y xÆ°á»›c""

Out: VÃ  náº¿u nhÆ° cÃ¡c bÃ  Ä‘ang lÃ m nhá»¯ng Ä‘iá»u trÃªn thÃ¬ dá»«ng láº¡i ngay nhÃ©, náº¿u tháº¥y cÃ´ bÃ© cÃ³ váº¥n Ä‘á» thÃ¬ thá»­ Ziaja Intimate báº£n xanh nháº¡t nÃ y Ä‘i xem sao, cÃ³ Lactobionic Acid há»— trá»£ lÃ m dá»‹u cáº£m giÃ¡c chÃ¢m chÃ­ch. Tá»± tin Ä‘i chÆ¡i, Ä‘i há»c hay Ä‘i lÃ m cháº³ng cáº§n khÃ©p nÃ©p e ngáº¡i ná»¯a. Tui Ä‘i khÃ¡m Ä‘Æ°á»£c cÃ¡c bÃ¡c khuyÃªn dÃ¹ng, nhiá»u KOL, KOC cÅ©ng recommend em nÃ y láº¯m Ä‘Ã³. Link chÃ­nh hÃ£ng á»Ÿ gÃ³c trÃ¡i nha.","
- LA: há»— trá»£ cáº£i thiá»‡n cÃ´ bÃ© cÃ³ váº¥n Ä‘á»",- LÃ½ giáº£i váº¥n Ä‘á» chÃ¢m chÃ­ch á»Ÿ cÃ´ bÃ©,,máº¯c sai láº§m trong viá»‡c chÄƒm sÃ³c cÃ´ bÃ©,TrÆ°á»Ÿng thÃ nh,,,"nghiÃªm tÃºc, nguy hiá»ƒm",42 giÃ¢y,"- chá»‹ em má»i Ä‘á»™ tuá»•i, gáº·p cÃ¡c giÃ¡c khÃ³ chá»‹u á»Ÿ vÃ¹ng tam giÃ¡c",HHH,Tips & Tricks
11,12.0,"Intro: Táº I SAO VALENTINE NÃ€Y NY Láº I KHÃ”NG MUá»N CHO NGÆ¯á»œI YÃŠU Äáº¾N Gáº¦N

ThÃ¢n: Táº¡i vÃ¬ Ny sá»£ cÃ´ bÃ© khÃ´ng sáº¡ch sáº½, khi gáº§n gÅ©i vá»›i ngÆ°á»i yÃªu mÃ  Ä‘á»ƒ láº¡i cáº£m giÃ¡c sa máº¡c, rau mÃ¹i thÃ¬ ká»³ láº¯m. LÃ  Ny máº¥t ngÆ°á»i yÃªu luÃ´n, lÃ  khÃ´ng cÃ³ ai Ä‘i chÆ¡i 14/2 cÃ¹ng Ny ná»¯a 
NÃ³i vui váº­y chá»©, máº·c dÃ¹ Ä‘Ã¢y cÃ³ thá»ƒ khÃ´ng pháº£i lÃ½ do quyáº¿t Ä‘á»‹nh chuyá»‡n yÃªu Ä‘Æ°Æ¡ng cá»§a hai ngÆ°á»i nhÆ°ng cÅ©ng lÃ  má»™t trong nhá»¯ng nguyÃªn nhÃ¢n lá»›n dáº«n Ä‘áº¿n chuyá»‡n há»£p tan, pháº£i khÃ´ng cÃ¡c bÃ ?
Váº­y nÃªn Ä‘á»«ng quÃªn vÃ  bá» xÃ³ em nÃ y ná»¯a, Ziaja Intimate cÅ©ng giá»‘ng nhÆ° cÃ´ bÃ©, cáº§n Ä‘Æ°á»£c chÄƒm sÃ³c thÆ°á»ng xuyÃªn. KhÃ´ng chá»‰ dÃ¹ng trÆ°á»›c lÃºc QH (Quy háº¯t) Ä‘á»ƒ bÃ© mÃ¨o nhá» mÃ­t Æ°á»›t, thÆ¡m tho... mÃ  hÃ ng ngÃ y cÅ©ng pháº£i nhá»› táº¯m Ä‘á»u Ä‘áº·n Ä‘á»ƒ sáº¡ch tá»« trong ra ngoÃ i Ä‘áº¥y

Out: Valentine cÃ²n máº¥y hÃ´m ná»¯a thui, say bye vá»›i cáº£m giÃ¡c báº¥t tiá»‡n khiáº¿n Ny hay báº¥t cá»© cÃ´ gÃ¡i nÃ o muá»‘n trÃ¡nh xa ngÆ°á»i yÃªu nhÃ©. Tui gáº¯n giá» rÃ¹i, máº¥y bÃ  chá»‰ vÃ¬ click mua thui","
- LA: há»— trá»£ cáº£i thiá»‡n cÃ´ bÃ© cÃ³ váº¥n Ä‘á»","- Äu trend
- Rau mÃ¹i á»Ÿ vÃ¹ng tam giÃ¡c: rÃ o cáº£n tÃ¬nh yÃªu",,CÃ¡c báº¡n ná»¯ tá»± ti khi gáº§n gÅ©i vá»›i ngÆ°á»i yÃªu vÃ¬ vÃ¹ng tam giÃ¡c khÃ´ng sáº¡ch sáº½,TrÆ°á»Ÿng thÃ nh,,,"hÃ³m há»‰nh, dÃ­ dá»m, vui tÆ°Æ¡i",47 giÃ¢y,"- chá»‹ em má»i Ä‘á»™ tuá»•i, gáº·p cÃ¡c giÃ¡c khÃ³ chá»‹u á»Ÿ vÃ¹ng tam giÃ¡c
- cÃ³ (Ã½ Ä‘á»‹nh) cÃ³ ngÆ°á»i yÃªu/ Ä‘Ã£ láº­p gia Ä‘Ã¬nh",PAS,"Lá»i khuyÃªn, lá»±a chá»n"
12,13.0,"Intro: ""LÃ  dÆ°á»£c sÄ©, mÃ¬nh gáº·p ráº¥t nhiá»u chá»‹ em dÃ¹ng pháº£i DDVS kÃ©m cháº¥t lÆ°á»£ng dáº«n Ä‘áº¿n háº­u quáº£ lÃ  cÃ´ bÃ© chÃ¢m chÃ­ch, nguy hiá»ƒm hÆ¡n lÃ  áº£nh hÆ°á»Ÿng xáº¥u tá»›i sá»©c khá»e vÃ¹ng tam giÃ¡c. 
TÃ¬m loáº¡i DDVS mÃ  an toÃ n, lÃ nh tÃ­nh thÃ¬ Ziaja Intimate ráº¥t chuáº©n nhÃ©""

ThÃ¢n: ""DÆ°á»£c sÄ© tÆ° váº¥n cho ráº¥t nhiá»u chá»‹ em dÃ¹ng rá»“i, tá»« cÃ¡c mom báº§u, báº¡n gÃ¡i tuá»•i dáº­y thÃ¬ hay nhá»¯ng báº¡n nÃ o gáº·p váº¥n Ä‘á» khÃ³ nÃ³i lÃ  toÃ n chá»‰ mua dÃ²ng nÃ y thÃ´i
Sau khi rá»­a, vÃ¹ng Ä‘Ã³ má»m má»‹n, khÃ´ng cÃ³ cáº£m giÃ¡c khÃ´ cÄƒng khÃ³ chá»‹u, dá»‹u nháº¹ tháº¥y rÃµ""
NgÃ y 15/2 nÃ y cÃ³ sale giáº£m giÃ¡ sÃ¢u kÃ¨m quÃ  táº·ng á»Ÿ cá»­a hÃ ng chÃ­nh hÃ ng cá»§a Ziaja: Intimate Official Store Ä‘áº¥y. Ai chÆ°a thá»­ thÃ¬ chá»‘t ngay má»™t chai Ä‘á»ƒ tráº£i nghiá»‡m nha!

Out: ""Cá»¥ thá»ƒ: tá»« ngÃ y 14-16/2,
Vá»›i Ä‘Æ¡n tá»« 99K, mua 1 sáº£n pháº©m med hoáº·c 1 baby táº·ng nháº­n ngay 1 kem khoÃ¡ng chá»‘ng náº¯ng
ÄÆ¡n tá»« 300K, mua 2 DDVS Gel hoáº·c Cream Ä‘Æ°á»£c táº·ng 1 quÃ  lÃ  máº·t náº¡ dÃª, táº¥t hoáº·c kem khoÃ¡ng chá»‘ng náº¯ng
Duy nháº¥t 0-2h 15.2 mua 1ddvs báº¥t kÃ¬ táº·ng 1 mask dÃª/1 Ä‘Ã´i táº¥t; khung giá» cÃ²n láº¡i mua 2 ddvs báº¥t kÃ¬ táº·ng 1 kem khoÃ¡ng chá»‘ng náº¯ng

Vá»›i Ziaja Intimate: Valentine nÃ y, mÆ°á»£n deal tá» tÃ¬nh, sÄƒn sale cá»±c Ä‘á»‰nh ""","
- LA: há»— trá»£ cáº£i thiá»‡n cÃ´ bÃ© cÃ³ váº¥n Ä‘á»","- giá»›i thiá»‡u sáº£n pháº©m trÃªn gÃ³c Ä‘á»™ tá»« ngÆ°á»i cÃ³ chuyÃªn mÃ´n (dÆ°á»£c sÄ©)
- lá»“ng ghÃ©p promotion",,- chÆ°a kiá»ƒm chá»©ng Ä‘Æ°á»£c cháº¥t lÆ°á»£ng DDVS,TrÆ°á»Ÿng thÃ nh,,,"- gáº§n gÅ©i, táº¡o sá»± uy tÃ­n",1 phÃºt 3 giÃ¢y,khÃ¡ch hÃ ng cá»§a Ziaja Intimate hoáº·c nhá»¯ng ngÆ°á»i quan tÃ¢m tá»›i sáº£n pháº©m dung dá»‹ch vá»‡ sinh,ACCA (Awareness - Comprehension - Conviction - Action),Chia sáº» + CTKM
13,14.0,"Intro: THÃ”NG BÃO QUAN TRá»ŒNG: CHá»ˆ CÃ’N 3 NGÃ€Y Ná»®A Äá»‚ SÄ‚N DEAL KHá»¦NG CÃ™NG ZIAJA INTIMATE Dá»ŠP VALENTINE NÃ€Y

ThÃ¢n: ""Tá»« ngÃ y 14 - 16/2, cÆ¡ há»™i mua sáº¯m cá»±c lá»i dÃ nh cho há»™i chá»‹ em
ÄÆ¡n tá»« 99K â€“ Mua 1 sáº£n pháº©m Med hoáº·c 1 Baby Táº·ng 1 kem khoÃ¡ng chá»‘ng náº¯ng 
ÄÆ¡n tá»« 300K â€“ Mua 2 DDVS Gel hoáº·c Cream Táº¶NG 1 trong 3 quÃ  xá»‹n:
Máº·t náº¡ dÃª ğŸ | ğŸ§¦ 1 Ä‘Ã´i táº¥t cute | ğŸ–ï¸ Kem khoÃ¡ng chá»‘ng náº¯ng""
""Äáº¶C BIá»†T DUY NHáº¤T Tá»ª 0-2H NGÃ€Y 15/2!
ğŸ›ï¸ Mua 1 DDVS báº¥t ká»³ ğŸ‘‰ Táº¶NG ngay 1 máº·t náº¡ dÃª hoáº·c 1 Ä‘Ã´i táº¥t
â³ Tá»« 2h trá»Ÿ Ä‘i: Mua 2 DDVS báº¥t ká»³ váº«n táº·ng ngay 1 kem khoÃ¡ng chá»‘ng náº¯ng""

Out: ""Sá» LÆ¯á»¢NG CÃ“ Háº N â€“ DUY NHáº¤T 14 -16/2 NÃ€Y
valentine nÃ y, mÆ°á»£n deal tá» tÃ¬nh, sÄƒn sale cá»±c Ä‘á»‰nh""",Táº­p trung vÃ o chÆ°Æ¡ng trÃ¬nh khuyáº¿n mÃ£i dÃ nh cho Ziaja Intimate,"Flash sale, sÄƒn deal khuyáº¿n mÃ£i",,Táº­n dá»¥ng cÆ¡ há»™i mua hÃ ng vá»›i giÃ¡ há»i,TrÆ°á»Ÿng thÃ nh,,,"Gáº¥p rÃºt, kÃ­ch thÃ­ch hÃ nh Ä‘á»™ng ngay láº­p tá»©c",40-50s,"NgÆ°á»i sÄƒn sale, thÃ­ch Æ°u Ä‘Ã£i","SLAP (Stop - Look - Act - Purchase) â†’ GÃ¢y chÃº Ã½, táº¡o nhu cáº§u, thÃºc Ä‘áº©y hÃ nh Ä‘á»™ng","Marketing khuyáº¿n mÃ£i, CTA máº¡nh máº½"
14,15.0,"Intro: """"""Sá»®A Táº®M CÃ” BÃ‰ LÃ€ GÃŒ?""""

(cho nhÃ¢n váº­t freestyle tráº£ lá»i Ä‘á»ƒ thu Ä‘Æ°á»£c Ã½ tá»± nhiÃªn, tuy nhiÃªn sáº½ Ä‘iá»u hÆ°á»›ng Ä‘á»ƒ cÃ³ 1 sá»‘ key sau)
- â€œá»¦a? CÃ¡i nÃ y táº¯m cho em bÃ© háº£?â€
- """"Cháº¯c lÃ  nÆ°á»›c tháº§n cá»§a há»™i chá»‹ em rá»“i!â€
...
- Láº¡ gÃ¬, vá»£ anh á»Ÿ nhÃ  cÅ©ng dÃ¹ng cÃ¡i nÃ y (Ä‘á»ƒ anh nÃ y giáº£i thÃ­ch ngáº¯n gá»n tá»« khÃ³a """"sá»¯a táº¯m cÃ´ bÃ© luÃ´n"""" => dung dá»‹ch vá»‡ sinh Ä‘á»ƒ táº¯m rá»­a cho vÃ¹ng tam giÃ¡c""

ThÃ¢n: """"""CÃ”NG Dá»¤NG Cá»¦A Sá»®A Táº®M CÃ” BÃ‰ ZIAJA INTIMATE""""

(cho nhÃ¢n váº­t freestyle tráº£ lá»i, tuy nhiÃªn sáº½ Ä‘iá»u hÆ°á»›ng Ä‘á»ƒ Ä‘á»§ cÃ¡c cÃ´ng dá»¥ng)
- lÃ m sáº¡ch
- dÆ°á»¡ng áº©m ""
""""""CÃC ANH TRAI TRáº¢I NGHIá»†M Sá»®A Táº®M CÃ” BÃ‰ ZIAJA INTIMATE""""

(cho nhÃ¢n váº­t freestyle test, thu reaction trá»±c tiáº¿p)
- â€œá»¦a, dáº¡ng kem má»‹n tháº­t!â€
- KhÃ´ng cÃ³ mÃ¹i nhÃ¢n táº¡o mÃ  láº¡i dá»… chá»‹u ghÃª nhá»‰
...
""

Out: """"""CHáº¤M ÄIá»‚M Sá»®A Táº®M CÃ” BÃ‰ ZIAJA INTIMATE""""

(cho nhÃ¢n váº­t freestyle test, thu reaction trá»±c tiáº¿p, nÃ³i lÃ½ do cho Ä‘iá»ƒm sá»‘ Ä‘áº¥y)
- cÃ³ key nÃ³i Ä‘áº¿n táº·ng quÃ ""
""Chá»‹ em tháº¥y quÃ  nÃ y cÃ³ há»£p lÃ½ khÃ´ng? BÃ¬nh luáº­n ngay Ä‘á»ƒ â€˜'nháº¯c khÃ©oâ€™' anh nhÃ  nha!
""",DDVS Ziaja Intimate nÃ³i chung,Há»i Ä‘Ã¡p vui nhá»™n + review thá»±c táº¿,,Tháº¯c máº¯c vá» cÃ´ng dá»¥ng vÃ  tráº£i nghiá»‡m thá»±c táº¿,TrÆ°á»Ÿng thÃ nh,,,"Tá»± nhiÃªn, hÃ i hÆ°á»›c",50s,"NgÆ°á»i chÆ°a biáº¿t Ä‘áº¿n sáº£n pháº©m, muá»‘n thá»­ nghiá»‡m","3S (Star - Story - Solution) â†’ NhÃ¢n váº­t chÃ­nh, cÃ¢u chuyá»‡n pháº£n á»©ng tá»± nhiÃªn, káº¿t thÃºc báº±ng giáº£i phÃ¡p",Há»i Ä‘Ã¡p + thá»­ nghiá»‡m sáº£n pháº©m
15,16.0,"Intro: DUNG Dá»ŠCH Vá»† SINH ZIAJA INTIMATE CÃ“ GÃŒ MÃ€ ÄÆ¯á»¢C NHIá»€U NGÆ¯á»œI Ná»”I TIáº¾NG REVIEW Äáº¾N Váº¬Y?

ThÃ¢n ""Thá»© nháº¥t: ÄÃ¢y lÃ  dÃ²ng dung dá»‹ch vá»‡ sinh Ä‘áº¿n tá»« thÆ°Æ¡ng hiá»‡u dÆ°á»£c má»¹ pháº©m Ziaja - ráº¥t lÃ¢u Ä‘á»i táº¡i Ba Lan, Ä‘Æ°á»£c bÃ y bÃ¡n rá»™ng rÃ£i táº¡i nhiá»u hiá»‡u thuá»‘c, bá»‡nh viá»‡n, vÃ  trung tÃ¢m y táº¿ lá»›n 
(sau Ä‘Ã³ cáº¯t cÃ¡c source giá»›i thiá»‡u vá» hÃ£ng cá»§a KOL, KOC)""
Thá»© hai: CÃ¡c chá»‹ em cá»© yÃªn tÃ¢m khi dÃ¹ng em nÃ y vÃ¬ Ä‘áº£m báº£o vá» Ä‘á»™ lÃ nh tÃ­nh, dá»‹u nháº¹
Thá»© ba: Äiá»u mÃ  chÃºng ta quan tÃ¢m nháº¥t khi lá»±a chá»n sáº£n pháº©m, cÃ´ng dá»¥ng cá»§a em nÃ³ Ä‘Ãºng khÃ´ng nÃ o

Out: Váº­y cÃ²n cháº§n chá»« chi mÃ  chÆ°a sáº¯m cho mÃ¬nh má»™t em dung dá»‹ch vá»‡ sinh quá»‘c dÃ¢n Ä‘á»ƒ chÄƒm sÃ³c bÃ© mÃ¨o nhá»‰ cÃ¡c nÃ ng Æ¡i (chÃ¨n video ""Mua ngay"" cá»§a Pam á»Ÿ cuá»‘i)",DDVS Ziaja Intimate nÃ³i chung,"Giá»›i thiá»‡u thÆ°Æ¡ng hiá»‡u Ziaja Intimate Ä‘Æ°á»£c review bá»Ÿi nhiá»u KOLs, KOCs",,Cáº§n sá»± Ä‘áº£m báº£o tá»« cÃ¡c chuyÃªn gia/KOLs,TrÆ°á»Ÿng thÃ nh,,,"ChuyÃªn nghiá»‡p, Ä‘Ã¡ng tin cáº­y",Khoáº£ng 45s,NgÆ°á»i muá»‘n cÃ³ sá»± xÃ¡c nháº­n tá»« ngÆ°á»i ná»•i tiáº¿ng,"AIDA (Attention - Interest - Desire - Action) â†’ Táº¡o sá»± tÃ² mÃ², chá»©ng minh sáº£n pháº©m Ä‘Ã¡ng tin, thÃºc Ä‘áº©y hÃ nh Ä‘á»™ng","PhÃ¢n tÃ­ch & chá»©ng thá»±c tá»« KÃ“C, KOLs"
16,17.0,"Intro: ""CÃ´ bÃ© khÃ³ chá»‹u chÆ°a ngÆ°á»i Ä‘áº¹p? 
NhÃ¬n áº£nh nÃ y hoang mang chÆ°a ngÆ°á»i Ä‘áº¹p?

""""Äáº¥y, tui tá»«ng nhÆ° máº¥y bÃ , sá»‘c náº·ng vÃ¬ Ä‘iá»u nÃ y Ä‘Ã¢y!""""""

ThÃ¢n: ""Äi khÃ¡m má»›i biáº¿t, tÃ¬nh tráº¡ng nÃ y khÃ´ng cÃ³ gÃ¬ Ä‘Ã¡ng lo cáº£, ai gáº§n ká»³ dÃ¢u cÅ©ng Ä‘á»u tháº¥y hoáº·c vá»›i mom nÃ o mang báº§u thÃ¬ cÃ²n gáº·p ráº¥t thÆ°á»ng xuyÃªn
NHÆ¯NG ...
náº¿u cÃ´ bÃ© Ä‘i kÃ¨m ngá» á»©a, mÃ¹i láº¡â€¦ thÃ¬ thÃ´i xÃ¡c Ä‘á»‹nh nha! khÃºc nÃ y máº¥y bÃ  hoang mang Ä‘Æ°á»£c rá»“i nÃ y""
Vá»›i kinh nghiá»‡m gáº·p cÃ¡c vá»‹ cá»©u tinh Ã¡o tráº¯ng thÆ°á»ng xuyÃªn, tui Ä‘Æ°á»£c dáº·n lÃ  pháº£i duy trÃ¬ nhá»¯ng thÃ³i quen nÃ y ... Ä‘á»ƒ cÃ´ bÃ© khá»e máº¡nh vÃ  Ä‘áº·c biá»‡t lÃ  dÃ¹ng sáº£n pháº©m lÃ m sáº¡ch chuyÃªn dá»¥ng nha
Khá»e re, sáº¡ch sáº½, khÃ´ng cÃ²n chÃ¢m chÃ­ch lÃ  nhá» em nÃ³ cáº£ Ä‘áº¥y. CÃ¡c bÃ¡c tÆ° váº¥n Ziaja Intimate thÃ¬ quÃ¡ lÃ  uy tÃ­n vÃ  an tÃ¢m cÃ²n gÃ¬, nhÃ¬n sá»‘ lÆ°á»£ng feedback cá»§a há»™i chá»‹ em lÃ  tháº¥y

Out: ""Ai gáº·p tÃ¬nh tráº¡ng khÃ³ nÃ³i thÃ¬ Ä‘á»«ng cháº§n chá»«, 1 vÃ© thÄƒm khÃ¡m ngay nha! MÃ  cÃ³ ai tá»«ng Ä‘Æ°á»£c khuyÃªn dÃ¹ng em Ziaja Intimate nÃ y nhÆ° tui khÃ´ng? Cmt ká»ƒ tui nghe vá»›i nhÃ©""",Chai xanh nháº¡t,"Äá» cáº­p Ä‘áº¿n cÃ¡c váº¥n Ä‘á» vÃ¹ng kÃ­n, cáº£nh bÃ¡o vá» dáº¥u hiá»‡u nguy hiá»ƒm, cáº£nh bÃ¡o sá»©c khá»e vÃ¹ng kÃ­n, táº¡o nháº­n thá»©c",,"Lo láº¯ng vá» tÃ¬nh tráº¡ng viÃªm nhiá»…m, khÃ³ chá»‹u",TrÆ°á»Ÿng thÃ nh,,,"Cáº£nh bÃ¡o nhÆ°ng nháº¹ nhÃ ng, tÆ° váº¥n gáº§n gÅ©i",50-55s,Phá»¥ ná»¯ gáº·p váº¥n Ä‘á» sá»©c khá»e vÃ¹ng kÃ­n,"PAS (Problem - Agitation - Solution) â†’ XÃ¡c Ä‘á»‹nh váº¥n Ä‘á», nháº¥n máº¡nh lo láº¯ng, Ä‘Æ°a ra giáº£i phÃ¡p",TÆ° váº¥n sá»©c khá»e + gá»£i Ã½ sáº£n pháº©m
17,,"Intro: ""ChÃ o má»i ngÆ°á»i! HÃ´m nay Synaeshy cá»±c ká»³ hÃ¡o há»©c khi láº§n Ä‘áº§u tiÃªn Ä‘Æ°á»£c Ä‘á»“ng hÃ nh cÃ¹ng Ziaja Intimate â€“ thÆ°Æ¡ng hiá»‡u dung dá»‹ch vá»‡ sinh quá»‘c dÃ¢n, ai dÃ¹ng rá»“i cÅ©ng siÃªu mÃª trong dá»‹p sale lá»›n cuá»‘i thÃ¡ng 2 nÃ y!

ThÃ¢n: VÃ  tin vui cho cáº£ nhÃ  Ä‘Ã¢y! NgÃ y 24-25/2, hÃ£ng sáº½ cÃ³ má»™t phiÃªn live cá»±c bÃ¹ng ná»• vá»›i deal quÃ  táº·ng siÃªu siÃªu xá»‹n 

List quÃ  táº·ng bao gá»“m kem khoÃ¡ng chá»‘ng náº¯ng SPF50 vÃ  kem dÆ°á»¡ng áº©m tÃ¹y theo khung giá» cÃ¡c báº¡n Ä‘áº·t hÃ ng
- Khi mua dung dá»‹ch vá»‡ sinh báº¥t ká»³, sá»‘ lÆ°á»£ng 2 lÃ  Ä‘Æ°á»£c táº·ng 
- CÃ²n khi mua Ziaja Med hoáº·c Ziaja Baby, sá»‘ lÆ°á»£ng 1 thui lÃ  Ä‘Ã£ Ä‘Æ°á»£c ring quÃ  vá» rá»“i

CÃ¡c báº¡n nhá»› chá»‘t deal ngay trong live vÃ¬ quÃ  cÃ³ háº¡n! KhÃ´ng sÄƒn lÃ  tiáº¿c láº¯m Ä‘Ã³! 

Out: ğŸ“Œ Nhá»› set lá»‹ch ngÃ y 24-25/2, vÃ o live cÃ¹ng Ziaja Intimate Ä‘á»ƒ rinh deal cá»±c há»i nha!""",Quáº£ng bÃ¡ sá»± kiá»‡n sale & livestream khÃ´ng táº­p trung bÃ¡n hÃ ng,"Flash sale, livestream mua sáº¯m",,KhÃ´ng muá»‘n bá» lá»¡ Æ°u Ä‘Ã£i háº¥p dáº«n,TrÆ°á»Ÿng thÃ nh,,,"KÃªu gá»i máº¡nh máº½, táº¡o FOMO ",40 - 45s,NgÆ°á»i thÃ­ch mua hÃ ng qua livestream,"SLAP (Stop - Look - Act - Purchase) â†’ Táº¡o nhu cáº§u, kÃ­ch thÃ­ch mua hÃ ng ngay","Khuyáº¿n mÃ£i, marketing sá»± kiá»‡n"
18,,"Intro: """"""nháº¥t Ä‘á»‹nh sáº½ mua""""
""""sáº½ mua""""""

ThÃ¢n: MÃ³n Ä‘á»“ gÃ¬ mÃ  khiáº¿n cÃ¡c anh trai ai cÅ©ng muá»‘n rÆ°á»›c vá» ngay cho ngÆ°á»i yÃªu? Äáº·c biá»‡t lÃ  dá»‹p 8/3 nÃ y náº¿u nhÆ° cÃ¡c Ã´ng chÆ°a biáº¿t táº·ng quÃ  gÃ¬ cho chá»‹ nhÃ  thÃ¬ pháº£i xem háº¿t video nÃ y nhÃ©
""Cá»© má»—i thÃ¡ng má»™t láº§n, cháº¯c cháº¯n anh em sáº½ tráº£i qua cÆ¡n giÃ´ng bÃ£o mang tÃªn: NgÆ°á»i yÃªu khÃ³ á»Ÿ, Ä‘á»¥ng nháº¹ cÅ©ng ná»•i nÃ³ng.""""

NhÆ°ng anh em cÃ³ biáº¿t, pháº§n lá»›n nguyÃªn nhÃ¢n khÃ´ng pháº£i do tÃ¢m tráº¡ng... mÃ  lÃ  do cáº£m giÃ¡c bÃ­ bÃ¡ch, khÃ³ chá»‹u trong ngÆ°á»i?
Náº¿u cÃ´ bÃ© bá»‹ áº©m Æ°á»›t, bÃ­ bÃ¡ch cáº£ ngÃ y, khÃ´ng thoáº£i mÃ¡i thÃ¬ sao mÃ  vui ná»•i?""""""
""Tháº¿ mÃ  cÃ³ giáº£i phÃ¡p rá»“i Ä‘Ã¢y, chÃ­nh lÃ  chai Ziaja Intimate nÃ y, giÃºp vÃ¹ng nháº¡y cáº£m sáº¡ch thoÃ¡ng, dá»‹u nháº¹, nÃ ng thoáº£i mÃ¡i hÆ¡n â€“ vÃ  anh em cÅ©ng Ä‘á»¡ khá»• hÆ¡n!

Tá»« ngÃ y cÃ³ em nÃ y, tháº¥y cÃ´ áº¥y Ä‘á»¡ cÃ¡u gáº¯t háº³n
Anh em cÃ³ hiá»ƒu cáº£m giÃ¡c â€˜tá»« Ä‘á»‹a ngá»¥c trá»Ÿ vá» thiÃªn Ä‘Æ°á»ngâ€™ lÃ  nhÆ° nÃ o chÆ°a?""

Out: QuÃ  khÃ´ng cáº§n cáº§u ká»³, chá»‰ cáº§n ÄÃšNG THá»¨ nÃ ng cáº§n vÃ  lÃ  chÃ ng táº·ng lÃ  Ä‘Æ°á»£c Ä‘Ã³ nha cÃ¡c anh!",DDVS Ziaja Intimate nÃ³i chung,Táº·ng quÃ  8/3 cho chá»‹ em,,"Nam giá»›i khÃ´ng biáº¿t táº·ng gÃ¬ cho báº¡n gÃ¡i, vá»£",TrÆ°á»Ÿng thÃ nh,,,"HÃ i hÆ°á»›c, relatable",50s,Nam giá»›i Ä‘ang tÃ¬m quÃ  cho ngÆ°á»i yÃªu,AIDA (Attention - Interest - Desire - Action),"HÆ°á»›ng dáº«n chá»n quÃ , relatable humor"
19,,"intro: ""Náº¿u Ä‘Ã£ xem video trÆ°á»›c, máº¥y bÃ  biáº¿t tÃ´i Ä‘Ã£ mua chai dung dá»‹ch vá»‡ sinh nÃ y vá»›i giÃ¡â€¦ chá»‰ 69K!""""
LÃºc má»Ÿ há»™p  Ä‘Ã£ tháº¥y cÃ³ gÃ¬ Ä‘Ã³ sai sai rá»“i nhÆ°ng test thá»­ thÃ¬ Ä‘Ãºng lÃ  Ã´i dá»i Æ¡i, sá»‘c""

ThÃ¢n: ""- Cháº¥t kem nhÆ° video trÆ°á»›c tÃ´i Ä‘Ã£ nÃ³i lÃ  khÃ¡c hoÃ n toÃ n chai chÃ­nh hÃ£ng
- MÃ¹i thÃ¬ thÆ¡m ráº¥t ná»“ng, tá»± há»i báº£n thÃ¢n ráº±ng Ä‘Ã¢y cÃ³ pháº£i dáº¥u hiá»‡u cá»§a cá»“n hay cháº¥t táº¡o bá»t máº¡nh 
- Test lÃªn tay Ä‘á»ƒ láº¡i cáº£m giÃ¡c khÃ´, khÃ´ng má»m, khÃ¡ nhá»n khi thoa
- Da tay hÆ¡i cÄƒng nhÆ° kiá»ƒu vá»«a rá»­a nÆ°á»›c rá»­a chÃ©n
(Ä‘á»£i pháº£n á»©ng vÃ i tiáº¿ng xem cÃ³ bá»‹ kÃ­ch á»©ng hay gÃ¬ khÃ´ng?)

Máº¥y bÃ  nghÄ© tÃ´i nÃ³i quÃ¡? TÃ´i thÃ¬ tháº¥y may vÃ¬ báº£n thÃ¢n chá»‰ gáº·p pháº£i váº¥n Ä‘á» trÃªn khi test á»Ÿ trÃªn tay thÃ´i, chá»© náº¿u dÃ¹ng xuá»‘ng vÃ¹ng dÆ°á»›i thÃ¬: (show cmt feedback)

VÃ  Ä‘Ã¢y lÃ  pháº£n á»©ng cá»§a ráº¥t nhiá»u ngÆ°á»i khi mua pháº£i chai Intima giÃ¡ ráº» giá»‘ng nhÆ° tÃ´i, Ä‘á»ƒ cmt á»Ÿ Ä‘Ã¢y cho cÃ¡c bÃ  Ä‘á»c nhÃ©""

Out: ""Tháº­t ra lÃºc Ä‘áº·t mua mÃ¬nh Ä‘Ã£ hoang mang rá»“i nhÆ°ng Ä‘Ãºng lÃ  KHÃ”NG DÃM NGHÄ¨ Tá»šI VIá»†C DÃ™NG THáº¬T Ã­
Miá»…n bÃ n vá» giÃ¡ Ä‘i vÃ¬ mÃ¬nh thÃ¬ khÃ´ng lÃ½ giáº£i Ä‘Æ°á»£c táº¡i sao giÃ¡ láº¡i chÃªnh nhiá»u nhÆ° tháº¿

NhÆ°ng thay vÃ¬ tiáº¿t kiá»‡m Ä‘á»ƒ mua loáº¡i ráº» rá»“i hoang mang khÃ´ng biáº¿t Ä‘Ã¢y lÃ  hÃ ng gÃ¬, nÆ¡m ná»›p lo láº¯ng cho sá»©c khá»e vÃ¹ng tam giÃ¡c thÃ¬ mua sáº£n pháº©m chÃ­nh hÃ£ng, Ä‘Æ°á»£c phÃ¢n phá»‘i chÃ­nh ngáº¡ch táº¡i thá»‹ trÆ°á»ng Viá»‡t Nam, an tÃ¢m vá» nguá»“n gá»‘c, an toÃ n vá» cháº¥t lÆ°á»£ng thÃ¬ cÃ³ pháº£i ngÃ y Äƒn ngon, Ä‘Ãªm ngá»§ yÃªn, cÃ´ bÃ© bÃ¬nh yÃªn ká»ƒ cáº£ ngÃ y giÃ´ng bÃ£o khÃ´ng

CÃ¡c bÃ  nhá»› lÃ  hÃ ng nháº­p kháº©u chÃ­nh hÃ£ng á»Ÿ Viá»‡t Nam chá»‰ cÃ³ duy nháº¥t Ziaja Intimate, mua táº¡i kÃªnh chÃ­nh thá»©c cá»§a hÃ£ng Ä‘á»§ 3 tem Ä‘á»ƒ kiá»ƒm chá»©ng nhÃ©

=> Sá»©c khá»e khÃ´ng cÃ³ giÃ¡ ráº», Ä‘á»«ng Ä‘á»ƒ ham ráº» biáº¿n báº£n thÃ¢n thÃ nh chuá»™t báº¡ch nha cÃ¡c ngÆ°á»i Ä‘áº¹p.""","Chai LA (hot, dá»… bá»‹ lÃ m giáº£)","Cáº£nh bÃ¡o vá» hÃ ng giáº£ giÃ¡ ráº», chia sáº» tráº£i nghiá»‡m thá»±c táº¿",,Muá»‘n tiáº¿t kiá»‡m tiá»n nhÆ°ng cÃ³ nguy cÆ¡ mua pháº£i hÃ ng giáº£,TrÆ°á»Ÿng thÃ nh,,,"Giáº­t gÃ¢n, cáº£nh bÃ¡o, cÃ³ chÃºt hÃ i hÆ°á»›c",50-60s,"NgÆ°á»i muá»‘n mua sáº£n pháº©m cháº¥t lÆ°á»£ng, trÃ¡nh hÃ ng giáº£",ACCA (Awareness - Comprehension - Conviction - Action),"Cáº£nh bÃ¡o, tráº£i nghiá»‡m thá»±c táº¿"
20,,"Intro: ChÆ°a bao giá» tui tháº¥y baby three láº¡i nguy hiá»ƒm nhÆ° bÃ¢y giá»

ThÃ¢n: Baby three nÃ y (chá»‰ vÃ o 1 gáº¥u baby three) hay baby three trong ngoáº·c kÃ©p Ä‘á»u mang nhá»¯ng Ä‘áº·c tÃ­nh chung: má»™t mÃ³n Ä‘á»“ chÆ¡i cÃ³ ngoáº¡i hÃ¬nh báº¯t máº¯t nhÆ°ng lÃ  má»™t cá»— mÃ¡y bÃ o tiá»n
CÃ¹ng lÃ  mang láº¡i niá»m vui nhÆ°ng baby three trong ngoáº·c kÃ©p thÃ¬ cháº¯c cháº¯n lÃ  nhá»¯ng Ä‘iá»u mÃ  nhiá»u cÃ´ gÃ¡i khÃ´ng muá»‘n gáº·p nháº¥t
Do váº­y má»—i cÃ´ gÃ¡i pháº£i luÃ´n nhá»› ráº±ng pháº£i luÃ´n yÃªu thÆ°Æ¡ng, trÃ¢n trá»ng báº£n thÃ¢n Ä‘á»ƒ baby three khÃ´ng cÃ³ cÆ¡ há»™i Ä‘á»ƒ chen ngang vÃ o má»‘i quan há»‡ cá»§a 2 ngÆ°á»i
Ziaja Intimate tá»± tin lÃ  ngÆ°á»i báº¡n Ä‘á»“ng hÃ nh trong hÃ nh trÃ¬nh glow up cá»§a má»i cÃ´ gÃ¡i, giÃºp cÃ¡c nÃ ng khoáº» máº¡nh, tá»± tin vÃ  háº¡nh phÃºc hÆ¡n
Sáº£n pháº©m phÃ¹ há»£p vá»›i táº¥t cáº£ cÃ¡c má»i Ä‘á»™ tuá»•i, ká»ƒ cáº£ máº¹ báº§u sau sinh - lÃºc chá»‹ em chÃºng mÃ¬nh tá»± ti nháº¥t

Out: ""ChÄƒm sÃ³c báº£n thÃ¢n lÃ  khÃ´ng bao giá» thá»«a Ä‘á»ƒ báº£n thÃ¢n trá»Ÿ nÃªn xinh Ä‘áº¹p, tá»± tin hÆ¡n vÃ  Ä‘á»ƒ baby three chá»‰ lÃ  mÃ³n Ä‘á»“ chÆ¡i chá»© khÃ´ng phÃ¡ hoáº¡i háº¡nh phÃºc gia Ä‘Ã¬nh""",Nháº¯c nháº¹ vá» sáº£n pháº©m,"áº¨n dá»¥ vá» ""baby three"" (gáº¥u bÃ´ng) Ä‘á»ƒ nÃ³i vá» bÃ© 3 trÃ  xanh",,"Cáº§n chÄƒm sÃ³c báº£n thÃ¢n Ä‘á»ƒ luÃ´n tá»± tin, háº¡nh phÃºc",TrÆ°á»Ÿng thÃ nh,,,"HÃ i hÆ°á»›c, sÃ¡ng táº¡o, relatable",50s,Phá»¥ ná»¯ quan tÃ¢m Ä‘áº¿n self-care,3S (Star - Story - Solution),"Chia sáº» quan Ä‘iá»ƒm, lá»‘i sá»‘ng"
21,,"Intro: Nv ná»¯ há»i nhÃ¢n váº­t nam (giáº¥u máº·t: chÃ¨n icon chat GPT): Theo anh thÃ¬ rÃ o cáº£nh lá»›n nháº¥t cá»§a cÃ¡c anh trong cuá»™c yÃªu lÃ  gÃ¬? 

ThÃ¢n: NV nam ""hmm nÃ³i tháº­t vá»›i em thÃ¬ nhiá»u khi cÅ©ng Ä‘i Ä‘áº¿n ngÃ£ 3 Ä‘Æ°á»ng rá»“i mÃ  lÃ  láº¡i bÄƒn khoÄƒn khÃ´ng biáº¿t lÃ  nÃªn Ä‘Ã¢m tháº³ng hay Ä‘i vÃ o Ä‘oáº¡n Ä‘Æ°á»ng khÃ¡c vÃ¬ ngÃ£ 3 nhiá»u khi gáº·p váº¥n Ä‘á» khÃ³ nÃ³i""
nv ná»¯ ""Ui váº­y theo anh thÃ¬ chá»‹ em cáº§n lÃ m gÃ¬ Ä‘á»ƒ cáº£i thiá»‡n tÃ¬nh tráº¡ng nÃ y?""
""Ã€ thÃ¬â€¦ ÄÆ°á»ng cÃ³ sáº¡ch, cÃ³ thÃ´ng thoÃ¡ng thÃ¬ Ä‘i má»›i mÆ°á»£t chá»©! Chá»© mÃ ... tá»›i nÆ¡i rá»“i mÃ  tháº¥y Ä‘Æ°á»ng xÃ³c, chÆ°á»›ng ngáº¡i váº­t thÃ¬â€¦ sao mÃ  yÃªn tÃ¢m mÃ  cháº¡y Ä‘Æ°á»£c!""
""ÄÃºng ha, ai mÃ  muá»‘n cháº¡y trÃªn Ä‘Æ°á»ng gá»“ ghá» Ä‘Ã¢u. MÃ  nÃ³i tháº­t nha, cÃ¡c anh cÃ³ cÃ´ng nháº­n tá»« khi cÃ¡c chá»‹ em tÃ¬m ra â€˜báº¡n Ä‘á»“ng hÃ nhâ€™ cá»§a mÃ¬nh, Ä‘Æ°á»ng Ä‘i lÃºc nÃ o cÅ©ng trÆ¡n tru, mÆ°á»£t mÃ , tá»± tin hÆ¡n háº³n khÃ´ng?""
""QuÃ¡ lÃ  Ä‘á»“ng tÃ¬nh Ä‘i, may sao. chá»© nhiá»u lÃºc anh em cÅ©ng khá»• tÃ¢m láº¯mâ€¦""

Out: """"""Tháº¿ nÃªn chá»‹ em nhá»› nhÃ©, luÃ´n giá»¯ Ä‘Æ°á»ng sÃ¡ thÃ´ng thoÃ¡ng nha, Ä‘á»«ng Ä‘á»ƒ cÃ¡c anh bÄƒn khoÄƒn á»Ÿ ngÃ£ 3 ná»¯a. Ai Ä‘á»“ng tÃ¬nh thÃ¬ Ä‘iá»ƒm danh nÃ o""""""",Nháº¯c nháº¹ vá» sáº£n pháº©m,"GiÃºp chá»‹ em chÄƒm sÃ³c vÃ¹ng kÃ­n Ä‘á»ƒ luÃ´n sáº¡ch thoÃ¡ng, tá»± tin",,"Gáº·p tÃ¬nh tráº¡ng khÃ³ chá»‹u, áº£nh hÆ°á»Ÿng Ä‘áº¿n cuá»™c sá»‘ng, tÃ¬nh yÃªu",TrÆ°á»Ÿng thÃ nh,,,"HÃ i hÆ°á»›c, Ä‘á»‘i Ä‘Ã¡p thÃ´ng minh",50s,"Cáº£ nam vÃ  ná»¯, ná»™i dung mang tÃ­nh giáº£i trÃ­",HHH (Hook - Help - Hero),"Há»™i thoáº¡i, content viral"
22,,"Intro: CÃ¡c mom Æ¡i! Äá»«ng vÃ¬ khÃ´ng biáº¿t Ä‘áº¿n Ä‘iá»u nÃ y mÃ  Ä‘á»ƒ 9 thÃ¡ng 10 ngÃ y mang báº§u lÃ  nhá»¯ng chuá»—i dÃ i khÃ³ chá»‹u vÃ  cáº£m giÃ¡c rau mÃ¹i á»Ÿ vÃ¹ng tam giÃ¡c nhÃ©!

ThÃ¢n: Khi cÃ³ nhá»¯ng dáº¥u hiá»‡u nhÆ° tháº¿ nÃ y: (minh há»a) cÃ¡c máº¹ thÆ°á»ng ráº¥t tá»± ti trÆ°á»›c Ã´ng xÃ£, lo ngáº¡i nguy cÆ¡ tiá»m áº©n vá» sá»©c khá»e cÃ´ bÃ©, tháº­m chÃ­ náº¿u náº·ng hÆ¡n lÃ  áº£nh hÆ°á»Ÿng sá»©c khá»e cá»§a cáº£ máº¹ vÃ  bÃ©. Vá»›i ngÆ°á»i cÃ³ káº¿ hoáº¡ch sinh con, nghÄ© thÃ´i cÅ©ng sá»£ Ä‘iá»u nÃ y rá»“i
VÃ  sau khi kháº£o sÃ¡t ráº¥t nhiá»u máº¹ báº§u, máº¹ sau sinh, tui Ä‘Ã£ tÃ¬m Ä‘Æ°á»£c Ä‘Ã¡p Ã¡n chung Ä‘á»ƒ ""hÃ³a giáº£i"" cho máº¥y mom rá»“i Ä‘Ã¢y
KhÃ´ng gÃ¬ Ä‘Æ¡n giáº£n, dá»… thá»±c hiá»‡n mÃ  láº¡i hiá»‡u quáº£ hÆ¡n viá»‡c cho cÃ´ bÃ© cáº£m giÃ¡c sáº¡ch sáº½, thoÃ¡ng mÃ¡t khi dÃ¹ng em DDVS Intimate Ziaja nÃ y cáº£
ÄÃ¢y lÃ  phiÃªn báº£n Ä‘Æ°á»£c cÃ¡c mom ráº¥t ráº¥t Æ°a chuá»™ng nhá» cÃ³ thÃ nh pháº§n Lactobionic Acid, vÃ¹ng tam giÃ¡c cá»§a cÃ¡c mom sáº½ vá»«a Ä‘Æ°á»£c lÃ m sáº¡ch nháº¹ nhÃ ng, áº©m, má»‹n mÃ  cÃ²n sÄƒn cháº¯c vÃ  Ä‘Æ°á»£c báº£o vá»‡ an toÃ n hÆ¡n
9 thÃ¡ng 10 ngÃ y khÃ´ng chá»‰ lÃ  mang thai, mÃ  cÃ²n lÃ  táº­n hÆ°á»Ÿng hÃ nh trÃ¬nh lÃ m máº¹! Äá»«ng Ä‘á»ƒ cáº£m giÃ¡c khÃ³ chá»‹u hay ná»—i lo vá» rau mÃ¹i á»Ÿ cÃ´ bÃ© lÃ m máº¹ máº¥t tá»± tin nhÃ© 

Out: Äáº·t hÃ ng ngay hÃ´m nay Ä‘á»ƒ hÆ°á»Ÿng Æ°u Ä‘Ã£i Ä‘áº·c biá»‡t dÃ nh cho máº¹ báº§u trong thÃ¡ng nÃ y thÃ´iiii",Chai LA,Sá»©c khá»e vÃ¹ng kÃ­n trong thai ká»³,,"Cáº£m giÃ¡c khÃ³ chá»‹u, lo láº¯ng vá» vá»‡ sinh trong lÃºc mang thai",TrÆ°á»Ÿng thÃ nh,,,"TÃ¢m sá»±, chia sáº» ",50s,"Phá»¥ ná»¯ mang thai, sau sinh",PAS (Problem - Agitation - Solution),"Chia sáº» kinh nghiá»‡m, hÆ°á»›ng dáº«n"
23,,"Intro: ""MÃ¬nh má»›i mua 69k hÃ´m trÆ°á»›c, ai dÃ¹ng xong vá» bá»‹ ngá»©a khÃ´ng?""

ThÃ¢n: BÃªn cáº¡nh nhá»¯ng feedback tá»‘t, 5/5 sao Ä‘Ã¡nh giÃ¡ thÃ¬ chÃºng mÃ¬nh Ä‘Ã´i khi váº«n nháº­n vá» nhá»¯ng pháº£n há»“i nhÆ° tháº¿ nÃ y vá» sáº£n pháº©m DDVS Ziaja Intimate
""1. ChÆ°a mua Ä‘Æ°á»£c sáº£n pháº©m chÃ­nh hÃ£ng
VÃ  sau khi tá»•ng há»£p, chÃºng mÃ¬nh tháº¥y Ä‘Ã¢y lÃ  hai lÃ½ do chÃ­nh dáº«n Ä‘áº¿n cÃ¢u chuyá»‡n trÃªn:
Má»™t chai Ziaja Intimate chÃ­nh hÃ£ng khi mua qua kÃªnh Intimate Official Store sáº½ cÃ³ bao bÃ¬ nhÆ° tháº¿ nÃ y, texture dáº¡ng kem, khÃ´ng quÃ¡ lá»ng vÃ  quan trá»ng cÃ³ 3 tem:
- Tem niÃªm yáº¿t
- Tem chá»‘ng hÃ ng giáº£ cÃ³ dáº¥u cá»§a Bá»™ CÃ´ng An
- Tem phá»¥ tiáº¿ng viá»‡t
GiÃ¡ thÃ nh Ä‘á»u Ä‘Æ°á»£c chÃºng mÃ¬nh cÃ´ng khai, minh báº¡ch, sáº½ cÃ³ giáº£m sÃ¢u vÃ  quÃ  táº·ng nhÆ°ng tÃ¹y thá»i Ä‘iá»ƒm vÃ  phiÃªn live nha, chá»© ráº» quÃ¡ nhÆ° kia coi chá»«ng tiá»n máº¥t Ã­t nhÆ°ng táº­t mang nhiá»u Ä‘áº¥y""
""2. DÃ¹ng loáº¡i DDVS chÆ°a phÃ¹ há»£p
Máº·c dÃ¹ Ziaja Intimate cÃ³ ráº¥t nhiá»u loáº¡i, nhÆ°ng má»—i chai sáº½ phÃ¹ há»£p vá»›i tÃ¬nh tráº¡ng cÃ´ bÃ© khÃ¡c nhau, cÃ¡c bÃ  nÃªn Ä‘á»c kÄ© Ä‘á»ƒ chá»n dÃ²ng tÆ°Æ¡ng thÃ­ch vá»›i bÃ© mÃ¨o cá»§a mÃ¬nh, cho bÃ© mÃ¨o cáº£m giÃ¡c thoáº£i mÃ¡i dá»… chá»‹u nháº¥t nha""
Tháº¿ má»›i nÃ³i, viá»‡c chá»n máº·t gá»­i vÃ ng, chá»n gian hÃ ng chÃ­nh hÃ£ng, sáº£n pháº©m phÃ¹ há»£p luÃ´n lÃ  Ä‘iá»u ráº¥t ráº¥t quan trá»ng, cáº§n Ä‘áº·c biá»‡t lÆ°u tÃ¢m

Out: Náº¿u bÃ  nÃ o cÃ³ váº¥n Ä‘á» nháº¹ á»Ÿ vÃ¹ng tam giÃ¡c, cáº£m tháº¥y bá»‹ chÃ¢m chÃ­ch,... thÃ¬ cá»© xanh nháº¡t mÃ  dÃ¹ng cho tui, cáº£i thiá»‡n tá»‘t láº¯m Ä‘Ã³, tui cÃ³ gáº¯n link á»Ÿ gÃ³c trÃ¡i rá»“iii",Chai LA,"Cáº£nh bÃ¡o vá» mua hÃ ng giÃ¡ ráº», khÃ´ng rÃµ nguá»“n gá»‘c",,Muá»‘n mua sáº£n pháº©m giÃ¡ tá»‘t nhÆ°ng khÃ´ng biáº¿t hÃ ng tháº­t - giáº£,TrÆ°á»Ÿng thÃ nh,,,"Cáº£nh bÃ¡o nhÆ°ng váº«n nháº¹ nhÃ ng, giáº£i thÃ­ch rÃµ rÃ ng",50 - 60s,"NgÆ°á»i Ä‘ang tÃ¬m hiá»ƒu vá» sáº£n pháº©m, cÃ³ nguy cÆ¡ mua pháº£i hÃ ng giáº£",ACCA (Awareness - Comprehension - Conviction - Action),"Cáº£nh bÃ¡o, hÆ°á»›ng dáº«n mua hÃ ng"
24,,"Intro: ""Sale mÃ  giÃ¡ cháº³ng khÃ¡c gÃ¬ ngÃ y thÆ°á»ng?
KhÃ´ng tin Ä‘Ãºng khÃ´ng? Intimate Ziaja Ä‘ang live, vÃ o xem ngay Ä‘i Ä‘á»ƒ kiá»ƒm chá»©ng nhÃ©""

ThÃ¢n: ""Æ°u Ä‘Ã£i lÃªn Ä‘áº¿n 30%, freeship táº¥t cáº£ cÃ¡c Ä‘Æ¡n hÃ ng, giÃ¡ giáº£m láº§n lÆ°á»£t:
HA: 195 
LA 215 
Há»“ng 230
Cam 205
men 285
Gel 165 

cÃ¹ng ráº¥t nhiá»u Voucher lÃªn tá»›i 20%
Mua sá»‘ lÆ°á»£ng 2 ddvs Ä‘Æ°á»£c táº·ng thÃªm 1 tá»‡p 6 phong bao lÃ¬ xÃ¬ nhÃ©""

Out: Äang live rá»“i Ä‘áº¥y, vÃ o xem ngay nha",Táº­p trung vÃ o promotion,"SÄƒn sale, kÃ­ch thÃ­ch mua hÃ ng",,"HoÃ i nghi vá» chÆ°Æ¡ng trÃ¬nh khuyáº¿n mÃ£i, muá»‘n kiá»ƒm chá»©ng",TrÆ°á»Ÿng thÃ nh,,,"Gáº¥p rÃºt, FOMO",40s,"NgÆ°á»i thÃ­ch mua sáº¯m online, sÄƒn sale",SLAP (Stop - Look - Act - Purchase),Quáº£ng cÃ¡o Flash Sale
25,,"Intro: ""Æ¯u Ä‘iá»ƒm: Fan cá»©ng thÆ°Æ¡ng hiá»‡u Ziaja
NhÆ°á»£c Ä‘iá»ƒm: ChÃ¡y tÃºi vÃ¬ brand nÃ y Ä‘á»“ chÄƒm sÃ³c gÃ¬ cÅ©ng cÃ³ ""

ThÃ¢n: TrÆ°á»›c nay lÆ°á»›t toptop cá»© nghÄ© Ziaja chá»‰ cÃ³ má»—i DDVS nhÆ°ng khÃ´ng ngá» hÃ£ng nÃ y láº¡i chÃ­nh lÃ  thÆ°Æ¡ng hiá»‡u DÆ°á»£c - Má»¹ pháº©m uy tÃ­n táº¡i Ba Lan vá»›i ráº¥t ráº¥t nhiá»u sáº£n pháº©m khÃ¡c dÃ nh cho chÄƒm sÃ³c máº·t, cÆ¡ thá»ƒ, tÃ³c vÃ  cáº£ cho tráº» em. 
KhÃ´ng bÃ¡n thÃ¬ thÃ´i chá»© há»… bÃ¡n lÃ  pháº£n há»“i tá»‘t cá»© pháº£i gá»i lÃ  Ãª há». Äáº¿n bÃ¡c Lyn cÅ©ng xin Ä‘Æ°á»£c nháº­n huy chÆ°Æ¡ng fan cá»©ng, khÃ©o cÅ©ng gáº§n chÃ¡y tÃºi vÃ¬ Ziaja

Out: MÃ¹a Ä‘Ã´ng khÃ´ hanh nÃ y máº¥y bÃ  biáº¿t mua máº¥y Ä‘á»“ dÆ°á»¡ng áº©m da máº·t vá»›i cÆ¡ thá»ƒ á»Ÿ Ä‘Ã¢u rá»“i Ä‘áº¥y.",Táº­p trung vÃ o branding,"Giá»›i thiá»‡u Ziaja lÃ  thÆ°Æ¡ng hiá»‡u dÆ°á»£c - má»¹ pháº©m Ä‘a dáº¡ng, khÃ´ng chá»‰ cÃ³ dung dá»‹ch vá»‡ sinh",,"Chá»‰ biáº¿t Ziaja qua dung dá»‹ch vá»‡ sinh, chÆ°a khÃ¡m phÃ¡ cÃ¡c dÃ²ng khÃ¡c",TrÆ°á»Ÿng thÃ nh,,,"ThÃ¢n thiá»‡n, relatable",45s,NgÆ°á»i Ä‘Ã£ biáº¿t Ä‘áº¿n Ziaja nhÆ°ng chÆ°a khÃ¡m phÃ¡ háº¿t danh má»¥c sáº£n pháº©m,AIDA (Attention - Interest - Desire - Action),"KhÃ¡m phÃ¡ thÆ°Æ¡ng hiá»‡u, review tá»•ng quan"
26,,"Intro: CÃ´ gÃ¡i Æ°á»›c mÃ¬nh biáº¿t Ä‘iá»u nÃ y sá»›m hÆ¡n

ThÃ¢n: TrÆ°á»›c Ä‘Ã¢y toÃ n mang bÃ© mÃ¨o khÃ³ chá»‹u Ä‘i há»c, Ä‘i lÃ m mÃ  khÃ´ng biáº¿t cÃ¡ch vá»‡ sinh sao cho bÃ© mÃ¨o khá»e máº¡nh. 

Out: ""Cho tá»›i khi Ä‘i kiá»ƒm tra sá»©c khoáº» bÃ© mÃ¨o Ä‘Æ°á»£c cÃ¡c BÃ¡c khuyÃªn dÃ¹ng Ziaja Intimate.LÃºc Ä‘Ã³ cÃ´ má»›i biáº¿t vÃ¹ng da cá»§a bÃ© mÃ¨o cáº§n má»™t sáº£n pháº©m cÃ³ thÃ nh pháº§n tá»± nhiÃªn Ä‘á»ƒ báº£o vá»‡ vÃ  chÄƒm sÃ³c hÃ ng ngÃ y. Sáº£n pháº©m thÃ¬ ná»•i ráº§n ráº§n khÃ´ng chá»‰ chiáº¿n thÃ nh HÃ  Linh mÃ  cÃ²n Ä‘Æ°á»£c Háº±ng Du Má»¥c tin tÆ°á»Ÿng sá»­ dá»¥ng trong suá»‘t giai Ä‘oáº¡n mang báº§u. Äá»«ng chá» Ä‘áº¿n khi gáº·p váº¥n Ä‘á» má»›i tÃ¬m cÃ¡ch xá»­ lÃ½. HÃ£y yÃªu thÆ°Æ¡ng bÃ© mÃ¨o Ä‘Ãºng cÃ¡ch ngay hÃ´m nay.""","4 chai DDVS cream:
- Hyaluronic Acid: xanh Ä‘áº­m
- Lactobionic Acid: xanh nháº¡t
- Lactic Acid: há»“ng
- Ascorbic Acid: cam",HÃ nh trÃ¬nh chÄƒm sÃ³c sá»©c khá»e vÃ¹ng kÃ­n,,KhÃ´ng biáº¿t vÃ¹ng kÃ­n cáº§n Ä‘Æ°á»£c chÄƒm sÃ³c báº±ng sáº£n pháº©m chuyÃªn biá»‡t,TrÆ°á»Ÿng thÃ nh,,,"TÃ¢m sá»±, chia sáº» cÃ¡ nhÃ¢n, truyá»n cáº£m há»©ng",50s,Phá»¥ ná»¯ chÆ°a tá»«ng dÃ¹ng dung dá»‹ch vá»‡ sinh chuyÃªn biá»‡t,PAS (Problem - Agitation - Solution),"HÃ nh trÃ¬nh cÃ¡ nhÃ¢n, chia sáº» tráº£i nghiá»‡m"
27,,"Intro: Má»™t sá»± tháº­t báº¡n nÃªn biáº¿t: CÃ¹ng lÃ  2 chai xanh Ä‘Ã¬nh Ä‘Ã¡m cá»§a nhÃ  Intimate Ziaja, váº­y mÃ u nháº¡t vÃ  mÃ u Ä‘áº­m khÃ¡c nhau nhÆ° tháº¿ nÃ o?

ThÃ¢n: Xanh Ä‘áº­m dÃ nh cho nhá»¯ng ngÆ°á»i cÃ³ cÃ´ bÃ© khÃ´ háº¡n vÃ¬ cÃ³ Hyaluronic Acid há»— trá»£ dÆ°á»¡ng áº©m vÃ  lÃ m má»m, dÃ¹ng hÃ ng ngÃ y vÃ´ tÆ°, giÃºp bÃ© mÃ¨o luÃ´n dá»… chá»‹u, thoáº£i mÃ¡i
CÃ²n chai xanh nháº¡t nÃ y dÃ nh cho nhá»¯ng ngÆ°á»i cÃ³ váº¥n Ä‘á» nhÆ° ngá»©a, mÃ¹i, Ä‘áº·c biá»‡t phÃ¹ há»£p cho máº¹ báº§u, sau sinh, vÃ¬ trong nÃ y cÃ³ Lactobionic Acid giÃºp lÃ m dá»‹u, bá»• sung lá»£i khuáº©n vÃ  giáº£m mÃ¹i, giÃºp cho bÃ© mÃ¨o khá»e máº¡nh.

Out: Cáº£ 2 chai nÃ y Ä‘á»u an toÃ n, lÃ nh tÃ­nh vÃ  dÃ¹ng Ä‘Æ°á»£c hÃ ng ngÃ y. Náº¿u báº¡n cÃ³ tháº¯c máº¯c gÃ¬ hÃ£y Ä‘á»ƒ láº¡i cmt dÆ°á»›i Ä‘Ã¢y nha","- HA: há»— trá»£ cung cáº£i thiá»‡n tÃ¬nh tráº¡ng cÃ´ bÃ© bá»‹ khÃ´
- LA: há»— trá»£ cáº£i thiá»‡n cÃ´ bÃ© cÃ³ váº¥n Ä‘á»",Giáº£i thÃ­ch cÃ´ng dá»¥ng cá»§a hai dÃ²ng xanh Ä‘áº­m vÃ  xanh nháº¡t,,KhÃ´ng biáº¿t chá»n loáº¡i nÃ o phÃ¹ há»£p,TrÆ°á»Ÿng thÃ nh,,,"RÃµ rÃ ng, Ä‘Æ¡n giáº£n, dá»… hiá»ƒu",Khoáº£ng 40s,"NgÆ°á»i mua hÃ ng má»›i, chÆ°a biáº¿t vá» sáº£n pháº©m","FAB (Feature - Advantage - Benefit) â†’ MÃ´ táº£ Ä‘áº·c Ä‘iá»ƒm, lá»£i Ã­ch, cÃ´ng dá»¥ng thá»±c táº¿","TÆ° váº¥n, so sÃ¡nh"
28,,"Intro: Dung dá»‹ch vá»‡ sinh cá»§a Ziaja an toÃ n Ä‘áº¿n má»©c mÃ  lÃºc mÃ¬nh quÃªn sá»¯a táº©m máº·t mÃ¬nh cÃ²n dÃ¹ng nÃ³ lÃªn máº·t luÃ´n Váº­y, 

ThÃ¢n: 198 bÃ¬nh luáº­n nhÃ¡ cÃ¡c báº¡n NhÆ°ng mÃ  trong táº¥t cáº£ cÃ¡c cÃ¡i sáº£n pháº©m mÃ  tÃ´i review Ã­, chÆ°a bao giá» luÃ´n CÃ³ má»™t cÃ¡i sáº£n pháº©m, cÃ³ má»™t cÃ¡i nhÃ£n hÃ ng mÃ  khÃ´ng cÃ³ má»™t ai lÃªn tiáº¿ng Ä‘á»ƒ chÃª nÃ³ Trá»i Æ¡i, Ä‘Ã¢y lÃ  má»™t cÃ¡i Ä‘iá»u mÃ  kiá»ƒu tÃ´i chÆ°a bao giá» tÆ°á»Ÿng tÆ°á»£ng ná»¯a luÃ´n Ã­ HÃ´m nay náº¿u cÃ¡c bÃ¡c Ä‘ang muá»‘n mua dung dá»‹ch vá»‡ sinh cá»§a nhÃ  GiaGia thÃ¬ tÃ´i sáº½ chia sáº» vá»›i cÃ¡c bÃ¡c 3 cÃ¡i chai nÃ y khÃ¡c nhau nhÆ° tháº¿ nÃ o nha CÃ¡c báº¡n á»Ÿ nÆ°á»›c ngoÃ i cÅ©ng khen lÃ  dÃ¹ng siÃªu thÃ­ch vÃ  ráº¥t ná»•i á»Ÿ cÃ¡c há»‡ thá»‘ng siÃªu thá»‹ nÃ y CÃ¡c báº¡n mÃ  Ä‘Ã£ tá»«ng Ä‘i bÃ¡c sÄ© gia liá»…u cÅ©ng Ä‘Ã£ tá»«ng Ä‘Æ°á»£c kÃª nÃ y Hoáº·c lÃ  cÃ¡c báº¡n mÃ  Ä‘i khÃ¡m sáº£n khoa luÃ´n cÅ©ng Ä‘Ã£ tá»«ng Ä‘Æ°á»£c kÃª ThÃ¬ cÃ²n nÃ³i gÃ¬ vá»›i Ä‘á»™ uy tÃ­n ná»¯a cÃ¡c bÃ¡c Äáº§u tiÃªn lÃ  cÃ¡i báº£n nÃ y lÃ  dÃ²ng hoa lam chuÃ´ng, sáº½ cÃ³ mÃ¹i hÆ°Æ¡ng thÆ¡m nháº¹ nhÃ ng VÃ  cháº¥t cá»§a nÃ³ dáº·n gel nÃªn ráº¥t lÃ  má»ng, nháº¹ vÃ  khÃ´ thoÃ¡ng Tuy nhiÃªn cÃ¡ nhÃ¢n, mÃ¬nh láº¡i khÃ´ng thÃ­ch báº£n nÃ y láº¯m Bá»Ÿi vÃ¬ mÃ¬nh cáº£m giÃ¡c lÃ  khi mÃ  sá»­ dá»¥ng lÃªn Ã­ KhÃ´ng biáº¿t táº¡i sao nhÆ°ng mÃ  nÃ³ váº«n hÆ¡i hÆ¡i ngá»©a Ã­ má»i ngÆ°á»i NhÆ°ng mÃ  Linh thÆ°á»ng khÃ´ng cÃ³ mua báº£n nÃ y Ä‘Ã¢u Náº¿u nhÆ° lÃ  báº¡n nÃ o Linh nghÄ© ráº±ng thá»±c sá»± mÃ  chÆ°a ABC Vá»›i cáº£ lÃ  chÆ°a cÃ³ báº§u, chÆ°a cÃ³ con ThÃ¬ dÃ¹ng cÃ¡i nÃ y nÃ³ má»›i phÃ¹ há»£p thÃ´i CÃ³ báº§u rá»“i, cÃ³ con rá»“i ThÃ¬ xin hÃ£y sá»­ dá»¥ng cÃ¡i báº£n HA nÃ y dÃ¹m Ä‘i Em nÃ y nÃ³ ráº¥t lÃ  má»m má»‹n á»Ÿ trÃªn da cá»§a mÃ¬nh luÃ´n VÃ  lÃºc mÃ  mÃ¬nh sá»­ dá»¥ng Ã­, nÃ³ vá»«a khÃ¡ng pháº©m tá»‘t nÃ y VÃ  nÃ³ khÃ´ng gÃ¢y viÃªm nÃ y BÃªn cáº¡nh Ä‘áº¥y nÃ³ cÃ²n giÃºp cho má»i ngÆ°á»i khÃ´ng há» bá»‹ khÃ´ ná»¯a RiÃªng chai nÃ y thÃ¬ Linh ráº¥t lÃ  mÃª Báº§u Ä‘áº¿n lÃºc mÃ  Ä‘á»ƒ xong lÃ  Linh Ä‘Ã£ sá»­ dá»¥ng 2 chai rá»“i CÃ²n vá»›i nhá»¯ng bÃ  nÃ o mÃ  cÃ¡c bÃ  ráº¥t lÃ  ngáº¡i Nhá»¯ng váº¥n Ä‘á» liÃªn quan Ä‘áº¿n ngá»©a, giÃ¡c vÃ  Ä‘á» Ã­ CÃ´ bÃ© cá»§a mÃ¬nh Ä‘ang gáº·p váº¥n Ä‘á» ThÃ¬ Linh nghÄ© ráº±ng cÃ¡i em Latoponic nÃ y NÃ³ sáº½ giáº£i quyáº¿t Ä‘Æ°á»£c cho má»i ngÆ°á»i Báº¡n nÃ y thÃ¬ ráº¥t lÃ  hay á»Ÿ chá»— lÃ  nÃ³ sá»­ dá»¥ng lá»£i khuáº©n nÃ y CÅ©ng nhÆ° lÃ  má»™t vÃ i cÃ¡i thÃ nh pháº§n táº©y da cháº¿t Äá»ƒ giÃºp cho lÃ m da cá»§a má»i ngÆ°á»i nÃ³ Ä‘Æ°á»£c thÃ´ thoÃ¡ng BÃªn cáº¡nh Ä‘áº¥y quan trá»ng nha LÃ  em nÃ y khá»­ mÃ¹i hÃ´i ráº¥t lÃ  tá»‘t 

Out: NgÃ y mai, ngÃ y 3 thÃ¡ng 3 Linh Ä‘ang cÃ³ deal Ä‘á»™c quyá»n vá»›i cáº£ nhÃ  Zaza Äá»ƒ táº·ng cho má»i ngÆ°á»i cÃ¡i deal 2 em nÃ y Vá»›i má»©c giÃ¡ ráº¥t lÃ  ráº» Sáº½ cÃ³ deal dung dá»‹ch vá»‡ sinh Cá»±c kÃ¬, cá»±c kÃ¬ ráº» dÃ nh cho táº¥t cáº£ má»i ngÆ°á»i Ok, má»i ngÆ°á»i Ä‘á»«ng quÃªn lÃ  áº¥n Ä‘Äƒng kÃ½ VÃ  Linh háº¹n gáº·p má»i ngÆ°á»i vÃ o ngÃ y mai nhÃ¡",4 dÃ²ng cream,"Äá»™ hot cá»§a sáº£n pháº©m, review thá»±c táº¿",,"TÃ¬m kiáº¿m sáº£n pháº©m lÃ nh tÃ­nh, an toÃ n",TrÆ°á»Ÿng thÃ nh,,,"HÃ i hÆ°á»›c, cÆ°á»ng Ä‘iá»‡u Ä‘á»ƒ gÃ¢y áº¥n tÆ°á»£ng","50-60s, hÆ¡i dÃ i nhÆ°ng háº¥p dáº«n","NgÆ°á»i thÃ­ch xem review thá»±c táº¿, quan tÃ¢m Ä‘áº¿n sá»± an toÃ n, lÃ nh tÃ­nh cá»§a DDVS","AIDA (Attention - Interest - Desire - Action) â†’ Táº¡o sá»± tÃ² mÃ², gÃ¢y há»©ng thÃº, thuyáº¿t phá»¥c, kÃªu gá»i mua hÃ ng","Tráº£i nghiá»‡m cÃ¡ nhÃ¢n, pháº£n á»©ng cá»™ng Ä‘á»“ng"
29,,"Intro: MÃ¬nh Ä‘Ã£ dÃ¹ng thá»© Ä‘Ã³ Ä‘Æ°á»£c 2 nÄƒm rá»“i, láº§n Ä‘áº§u tiÃªn dÃ¹ng mÃ¬nh tháº¥y nÃ³ cÃ³ bá»t, thá»±c sá»± mÃ¬nh khÃ´ng dÃ¹ng ná»•i NhÆ°ng sau 2-3 láº§n tiáº¿p theo thÃ¬ mÃ¬nh Ä‘Ã£... 

ThÃ¢n: Trong Ä‘oáº¡n video trÃªn lÃ  má»™t náº¡n nhÃ¢n bá»‹ rá»¥ rá»— bá»Ÿi má»™t loáº¡i dung dá»‹ch dáº¡ng gel mÃ u xanh trÃªn tay tÃ´i Ä‘Ã¢y ThÆ°a quÃ½ vá»‹, Ä‘Æ°á»£c biáº¿t lÃ  loáº¡i dung dá»‹ch nÃ y sáº£n xuáº¥t táº¡i Ba Lan ChÃºng Ä‘Æ°á»£c sáº£n xuáº¥t vá»›i quy mÃ´ lá»›n má»™t cÃ¡ch vÃ´ cÃ¹ng tinh vi VÃ  Ä‘Ã£ Ä‘áº¿n tay nhiá»u ngÆ°á»i phá»¥ ná»¯, Ä‘áº·c biá»‡t lÃ  phá»¥ ná»¯ Ä‘ang mang thai VÃ¢ng, báº±ng nhá»¯ng thÃ nh pháº§n nhÆ° cháº¥t xuáº¥t cÃºc la mÃ£, B5, Acid Lactic v.v. 

Out: ÄÃ£ lÃ m cÃ¡c tráº» em khÃ´ng thá»ƒ ngÆ°ng dÃ¹ng loáº¡i dung dá»‹ch nÃ y hÃ ng ngÃ y BÃ­ áº©n lÃ  váº­y, tuy nhiÃªn thÃ¬ sáº£n pháº©m nÃ y váº«n Ä‘Æ°á»£c mua bÃ¡n trÃ n lan trÃªn thá»‹ trÆ°á»ng CÃ²n ngÆ°á»i dÃ¢n thÃ¬ váº«n Ä‘Ã¢m Ä‘áº§u vÃ o mua Gel vá»‡ sinh Intimate CÃºc La MÃ£ ThÃ nh pháº§n tá»« thiÃªn nhiÃªn, thuáº§n chay, táº¡o bá»t vá»«a pháº£i HÆ°Æ¡ng thÆ¡m cÃºc la mÃ£ dá»‹u nháº¹, xá»©ng Ä‘Ã¡ng Ä‘Æ°á»£c tráº» em phá»¥ ná»¯ tin dÃ¹ng VÃ  Ä‘Ã³ chÃ­nh lÃ  gel vá»‡ sinh Intimate CÃºc La MÃ£",DDVS Intimate CÃºc La MÃ£,"Giá»›i thiá»‡u Intimate CÃºc La MÃ£, nháº¥n máº¡nh thÃ nh pháº§n tá»± nhiÃªn",,TÃ² mÃ² vá» Ä‘á»™ hot cá»§a sáº£n pháº©m,TrÆ°á»Ÿng thÃ nh,,,"HÃ i hÆ°á»›c, mang tÃ­nh giáº£i trÃ­ cao",40-50s,"NgÆ°á»i thÃ­ch xem TikTok giáº£i trÃ­, follower cá»§a kÃªnh","3S (Star - Story - Solution) â†’ Dáº«n dáº¯t báº±ng nhÃ¢n váº­t chÃ­nh, ká»ƒ cÃ¢u chuyá»‡n thÃº vá»‹, Ä‘Æ°a ra giáº£i phÃ¡p","Giáº£ láº­p, giáº£i trÃ­"
